prod_name,spec_list,review_score,review_count,lowest_price,prod_img
마이피씨샵 DIY 게이밍 마스터 7500F RTX5060,7500F / RTX 5060 / (AMD) A620 / OS미포함 / 600W / AMD / 라이젠 7000시리즈 / 라이젠5 / 라파엘 / DDR5 / 16GB / M.2 / 500GB / NVIDIA / 그래픽 메모리 : 8GB / 1Gbps 유선 / HDMI / DP포트 / 파워서플라이 / 미들타워 / 어항형 / LED쿨러 / 용도 : 게임용,4.9,17,977080,https://img.danawa.com/prod_img/500000/278/160/img/62160278_1.jpg?shrink=130:130&_v=20250901091729
포유컴퓨터 퍼포먼스PC 47 R5 7500F RTX5060Ti,7500F / RTX 5060 Ti / (AMD) B650 / OS미포함 / 700W / AMD / 라이젠 7000시리즈 / 라이젠5 / 라파엘 / DDR5 / 16GB / M.2 / 500GB / NVIDIA / 1Gbps 유선 / HDMI / DP포트 / 파워서플라이 / 미들타워 / 어항형 / LED쿨러 / 용도 : 게임용,4.7,14,1175270,https://img.danawa.com/prod_img/500000/177/558/img/26558177_1.jpg?shrink=130:130&_v=20250624101930
영웅컴퓨터 영웅 875 게이밍울트라560X R5 5600 RTX5060,5600 / RTX 5060 / (AMD) B550 / OS미포함 / 600W / AMD / 라이젠 5000시리즈 / 라이젠5 / 버미어 / DDR4 / 16GB / M.2 / 256GB / NVIDIA / 그래픽 메모리 : 8GB / 1Gbps 유선 / HDMI / DP포트 / 파워서플라이 / 미들타워 / LED쿨러 / 용도 : 게임용,4.8,202,806160,https://img.danawa.com/prod_img/500000/484/546/img/13546484_1.jpg?shrink=130:130&_v=20250730073304
영웅컴퓨터 영웅 게이밍울트라 7546GT R5 7500F RTX5060Ti,7500F / RTX 5060 Ti / (AMD) A620 / OS미포함 / 600W / AMD / 라이젠 7000시리즈 / 라이젠5 / 라파엘 / DDR5 / 16GB / M.2 / 512GB / NVIDIA / 그래픽 메모리 : 8GB / 1Gbps 유선 / HDMI / DP포트 / 파워서플라이 / 미들타워 / 어항형 / LED쿨러 / 용도 : 게임용,5.0,5,1086600,https://img.danawa.com/prod_img/500000/390/314/img/45314390_1.jpg?shrink=130:130&_v=20250903142940
피씨스토어 베스트 게이밍 R5 5600 RTX3050,5600 / RTX 3050 / (AMD) A520 / OS미포함 / 600W / AMD / 라이젠 5000시리즈 / 라이젠5 / 버미어 / DDR4 / 16GB / M.2 / 500GB / NVIDIA / 그래픽 메모리 : 6GB / 1Gbps 유선 / HDMI / DP포트 / 파워서플라이 / 미들타워 / 어항형 / LED쿨러 / 용도 : 게임용,0.0,0,688160,https://img.danawa.com/new/noData/img/noImg_160.gif
모맨 겜덕피시 게이밍 i5-14400F RTX5060,i5-14400F / RTX 5060 / (인텔) B760 / OS미포함 / 600W / 인텔 / 코어 14세대 / 코어i5 / 랩터레이크-R / DDR5 / 32GB / M.2 / 1TB / NVIDIA / 그래픽 메모리 : 8GB / 1Gbps 유선 / HDMI / DP포트 / 파워서플라이 / 미들타워 / 어항형 / LED쿨러 / 용도 : 게임용,0.0,0,1303990,https://img.danawa.com/new/noData/img/noImg_160.gif
피씨스토어 베스트 게이밍 i5 13400F RTX5060,i5-13400F / RTX 5060 / (인텔) H610 / OS미포함 / 700W / 인텔 / 코어 13세대 / 코어i5 / 랩터레이크 / DDR5 / 16GB / M.2 / 500GB / NVIDIA / 그래픽 메모리 : 8GB / 1Gbps 유선 / HDMI / DP포트 / 파워서플라이 / 미들타워 / LED쿨러 / 용도 : 게임용,5.0,5,989120,https://img.danawa.com/new/noData/img/noImg_160.gif
다나와표준PC 게임용 250810,7500F / RTX 5060 / (AMD) B650 / OS미포함 / 750W / AMD / 라이젠 7000시리즈 / 라이젠5 / 라파엘 / DDR5 / 16GB / M.2 / 512GB / NVIDIA / 그래픽 메모리 : 8GB / 1Gbps 유선 / HDMI / DP포트 / 파워서플라이 / 미들타워 / LED쿨러 / 용도 : 게임용,0.0,0,1243090,https://img.danawa.com/new/noData/img/noImg_160.gif
영웅컴퓨터 영웅 H게이밍 4756T I7-14700F RTX5060Ti,i7-14700F / RTX 5060 Ti / (인텔) B760 / OS미포함 / 750W / 인텔 / 코어 14세대 / 코어i7 / 랩터레이크-R / DDR5 / 32GB / M.2 / 1TB / NVIDIA / 그래픽 메모리 : 8GB / 1Gbps 유선 / HDMI / DP포트 / 파워서플라이 / 미들타워 / 어항형 / LED쿨러 / 용도 : 게임용,5.0,1,1469230,https://img.danawa.com/new/noData/img/noImg_160.gif
영웅컴퓨터 영웅 울트라게이밍 9800XS R7 9800X3D RTX5080,9800X3D / RTX 5080 / (AMD) B650 / OS미포함 / 900W / AMD / 라이젠 9000시리즈 / 라이젠7 / 그래니트 릿지 / DDR5 / 32GB / M.2 / 1TB / NVIDIA / 그래픽 메모리 : 16GB / 1Gbps 유선 / HDMI / DP포트 / 파워서플라이 / 미들타워 / 어항형 / 수랭쿨러 / LED쿨러 / 용도 : 게임용,5.0,3,3072360,https://img.danawa.com/new/noData/img/noImg_160.gif
영웅컴퓨터 영웅 게이밍울트라 7857 R7 7800X3D RTX5070,7800X3D / RTX 5070 / (AMD) B650 / OS미포함 / 800W / AMD / 라이젠 7000시리즈 / 라이젠7 / 라파엘 / DDR5 / 32GB / M.2 / 1TB / NVIDIA / 그래픽 메모리 : 12GB / 1Gbps 유선 / HDMI / DP포트 / 파워서플라이 / 미들타워 / 어항형 / LED쿨러 / 용도 : 게임용,5.0,3,1788810,https://img.danawa.com/new/noData/img/noImg_160.gif
Beelink SER8 8745HS 해외구매,해외구매 / 8745HS / 780M / AMD / 라이젠 8000시리즈 / 라이젠7 / 호크포인트 / DDR5 / AMD / 2.5Gbps 유선 / 802.11ax(Wi-Fi 6) 무선 / 블루투스 / HDMI / DP포트 / USB3.x 10Gbps / USB C타입 40Gbps / USB C타입 10Gbps / DC / 미니PC / 용도 : 사무/인강용,4.7,88,368800,https://img.danawa.com/new/noData/img/noImg_160.gif
영웅컴퓨터 영웅 H게이밍 U7267 265KF RTX5070,265KF / RTX 5070 / (인텔) B860 / OS미포함 / 750W / 인텔 / 코어울트라 시리즈2 / 코어 울트라7 / 애로우레이크 / 인텔 AI Boost / 13TOPS / DDR5 / 32GB / M.2 / 1TB / NVIDIA / 그래픽 메모리 : 12GB / 1Gbps 유선 / HDMI / DP포트 / 파워서플라이 / 미들타워 / 어항형 / LED쿨러 / 용도 : 게임용,0.0,0,1799900,https://img.danawa.com/new/noData/img/noImg_160.gif
포유컴퓨터 퍼포먼스PC 55 i5 14400F RTX5060Ti,i5-14400F / RTX 5060 Ti / (인텔) H610 / OS미포함 / 700W / 인텔 / 코어 14세대 / 코어i5 / 랩터레이크-R / DDR5 / 16GB / M.2 / 500GB / NVIDIA / 1Gbps 유선 / HDMI / DP포트 / 파워서플라이 / 미들타워 / LED쿨러 / 용도 : 게임용,4.8,11,1124120,https://img.danawa.com/new/noData/img/noImg_160.gif
삼성전자 데스크탑 Slim DM500SGZ-AD5A Win11Home,i5-14400 / UHD 그래픽스 730 / 윈도우11 / 300W / 인텔 / 코어 14세대 / 코어i5 / 랩터레이크-R / DDR5 / 8GB / SSD / 256GB / INTEL / 1Gbps 유선 / USB3.x 10Gbps / USB C타입 5Gbps / 파워서플라이 / 슬림 / 용도 : 사무/인강용 / 구성변경상품,5.0,4,911000,https://img.danawa.com/new/noData/img/noImg_160.gif
삼성전자 올인원 PRO DM970AGA-LC51G,125H / Arc 그래픽스 / 윈도우11 / 인텔 / 코어울트라 시리즈1 / 코어 울트라5 / 메테오레이크 / 인텔 AI Boost / 11TOPS / LPDDR5X / 16GB / M.2 / 512GB / INTEL / 화면크기 : 68.6cm(27인치) / 3840x2160 / 눈부심방지 / 스피커 내장형 / 1Gbps 유선 / 802.11ax(Wi-Fi 6E) 무선 / 블루투스 / USB3.x 5Gbps / 썬더볼트4 / 웹캠 / 마이크 내장 / DC / 일체형 / 6.9kg,4.2,7,1866000,https://img.danawa.com/new/noData/img/noImg_160.gif
영웅컴퓨터 영웅 울트라게이밍 9800TS R7 9800X3D RTX5070Ti,9800X3D / RTX 5070 Ti / (AMD) B650 / OS미포함 / 800W / AMD / 라이젠 9000시리즈 / 라이젠7 / 그래니트 릿지 / DDR5 / 32GB / M.2 / 1TB / NVIDIA / 그래픽 메모리 : 16GB / 1Gbps 유선 / HDMI / DP포트 / 파워서플라이 / 미들타워 / 어항형 / 수랭쿨러 / LED쿨러 / 용도 : 게임용,0.0,0,2605340,https://img.danawa.com/new/noData/img/noImg_160.gif
주연테크 긱스타 GAMING 265K57T,265K / RTX 5070 Ti / (인텔) B760 / OS미포함 / 1000W / 인텔 / 코어울트라 시리즈2 / 코어 울트라7 / 애로우레이크 / 인텔 AI Boost / 13TOPS / DDR5 / 32GB / M.2 / 1TB / NVIDIA / 그래픽 메모리 : 16GB / 1Gbps 유선 / HDMI / DP포트 / 파워서플라이 / 미들타워 / 어항형 / 수랭쿨러 / LED쿨러 / 용도 : 게임용,0.0,0,2364330,https://img.danawa.com/new/noData/img/noImg_160.gif
포유컴퓨터 퍼포먼스PC 43 i5 14400,i5-14400 / UHD 730 / (인텔) H610 / OS미포함 / 600W / 인텔 / 코어 14세대 / 코어i5 / 랩터레이크-R / DDR5 / 16GB / M.2 / 500GB / INTEL / 1Gbps 유선 / 파워서플라이 / 미니타워 / 용도 : 사무/인강용,4.7,8,566490,https://img.danawa.com/new/noData/img/noImg_160.gif
영웅컴퓨터 영웅 H게이밍 2561F 225F RTX5060Ti,225F / RTX 5060 Ti / (인텔) H810 / OS미포함 / 600W / 인텔 / 코어울트라 시리즈2 / 코어 울트라5 / 애로우레이크 / 인텔 AI Boost / 13TOPS / DDR5 / 16GB / M.2 / 512GB / NVIDIA / 그래픽 메모리 : 8GB / 1Gbps 유선 / HDMI / DP포트 / 파워서플라이 / 미들타워 / 어항형 / LED쿨러 / 용도 : 게임용,0.0,0,1169900,https://img.danawa.com/new/noData/img/noImg_160.gif
컴퓨터연구소 바로사용OK 5600 RTX3050,5600 / RTX 3050 / (AMD) A520 / 윈도우11 / 600W / AMD / 라이젠 5000시리즈 / 라이젠5 / 버미어 / DDR4 / 16GB / M.2 / 500GB / NVIDIA / 1Gbps 유선 / 파워서플라이 / 미들타워 / 어항형 / 용도 : 게임용,0.0,0,910000,https://img.danawa.com/new/noData/img/noImg_160.gif
다나와표준PC 게임용 250719,9600X / RTX 5070 / (AMD) B850 / OS미포함 / 850W / AMD / 라이젠 9000시리즈 / 라이젠5 / 그래니트 릿지 / DDR5 / 16GB / M.2 / 1TB / NVIDIA / 그래픽 메모리 : 12GB / 1Gbps 유선 / 파워서플라이 / 미들타워 / 어항형 / LED쿨러 / 용도 : 게임용,0.0,0,2167600,https://img.danawa.com/new/noData/img/noImg_160.gif
타무즈 스트라이커 TZ200K1EAA,i3-14100 / UHD 730 / (인텔) H610 / OS미포함 / 500W / 인텔 / 코어 14세대 / 코어i3 / 랩터레이크-R / DDR4 / 8GB / M.2 / 250GB / INTEL / 1Gbps 유선 / HDMI / DP포트 / D-SUB / USB3.x 5Gbps / 파워서플라이 / 미들타워 / 용도 : 사무/인강용,0.0,0,371810,https://img.danawa.com/new/noData/img/noImg_160.gif
한성컴퓨터 슈컴 R5 5500GT,5500GT / 그래픽스 7 / (AMD) A520 / OS미포함 / 500W / AMD / 라이젠 5000시리즈 / 라이젠5 / 세잔 / DDR4 / 16GB / M.2 / 512GB / AMD / 1Gbps 유선 / 파워서플라이 / 미니타워 / 용도 : 사무/인강용,4.5,6,343380,https://img.danawa.com/new/noData/img/noImg_160.gif
다나와표준PC 전문가용 250225,i7-14700KF / RTX 3050 / (인텔) B760 / OS미포함 / 850W / 인텔 / 코어 14세대 / 코어i7 / 랩터레이크-R / DDR5 / 32GB / M.2 / 1TB / NVIDIA / 1Gbps 유선 / HDMI / DP포트 / 파워서플라이 / 미들타워 / 어항형 / 수랭쿨러 / LED쿨러,0.0,0,1560830,https://img.danawa.com/new/noData/img/noImg_160.gif
몬스타 가츠 영상편집V2,i7-14700K / RTX 5060 / (인텔) B760 / OS미포함 / 800W / 인텔 / 코어 14세대 / 코어i7 / 랩터레이크-R / DDR5 / 64GB / M.2 / 1TB / NVIDIA / 그래픽 메모리 : 8GB / 1Gbps 유선 / 802.11ax(Wi-Fi 6E) 무선 / 블루투스 / HDMI / DP포트 / USB3.x 10Gbps / USB3.x 5Gbps / USB C타입 20Gbps / 파워서플라이 / 미들타워 / 어항형 / 수랭쿨러 / LED쿨러 / 용도 : 게임용,0.0,0,2110000,https://img.danawa.com/new/noData/img/noImg_160.gif
몬스타 몬스타PC 스텔스,9950X3D / RTX 5090 / (AMD) X870 / OS미포함 / 1200W / AMD / 라이젠 9000시리즈 / 라이젠9 / 그래니트 릿지 / DDR5 / 64GB / M.2 / 2TB / NVIDIA / 그래픽 메모리 : 32GB / 5Gbps 유선 / 802.11be(Wi-Fi 7) 무선 / 블루투스 / HDMI / DP포트 / USB3.x 10Gbps / USB3.x 5Gbps / USB C타입 40Gbps / 파워서플라이 / 미들타워 / 어항형 / 수랭쿨러 / LED쿨러 / 용도 : 게임용,0.0,0,7490000,https://img.danawa.com/new/noData/img/noImg_160.gif
ASRock DeskMini B660 i9-12900T 120W SSD 에즈윈,i9-12900T / UHD 그래픽스 770 / (인텔) B660 / OS미포함 / 인텔 / 코어 12세대 / 코어i9 / 엘더레이크 / DDR4 / 8GB / SSD / 128GB / INTEL / 1Gbps 유선 / HDMI / DP포트 / D-SUB / USB3.x 10Gbps / USB3.x 5Gbps / USB C타입 20Gbps / USB C타입 10Gbps / 베사홀 / DC / 미니PC / 용도 : 사무/인강용,0.0,0,1237000,https://img.danawa.com/new/noData/img/noImg_160.gif
엔피씨코리아 NEXPC 게이밍프로 E609,i5-14600KF / RTX 4090 / (인텔) B760 / OS미포함 / 1200W / 인텔 / 코어 14세대 / 코어i5 / 랩터레이크-R / DDR5 / 32GB / M.2 / 2TB / NVIDIA / 1Gbps 유선 / 802.11ax(Wi-Fi 6) 무선 / 블루투스 / HDMI / DP포트 / 파워서플라이 / 미들타워 / 용도 : 게임용,0.0,0,5337100,https://img.danawa.com/new/noData/img/noImg_160.gif
레노버 올인원PC A100 24 F0J6000JKR Win11Home,N100 (1.0GHz) / UHD 그래픽스 / 윈도우11 / 인텔 / N-시리즈 / 엘더레이크-N / DDR4 / 8GB / M.2 / 256GB / INTEL / 화면크기 : 61cm(24인치) / 1920x1080 / 광시야각 / 틸트(상하) / 스피커 내장형 / 1Gbps 유선 / 802.11ax(Wi-Fi 6) 무선 / 블루투스 / HDMI / USB3.x 10Gbps / 웹캠 / 마이크 내장 / DC / 일체형 / 4.43kg / 용도 : 사무/인강용 / 구성변경상품,0.0,0,528000,https://img.danawa.com/new/noData/img/noImg_160.gif
몬스타 몬스타PC 영상편집2025,265K / RTX 5060 Ti / (인텔) B860 / OS미포함 / 850W / 인텔 / 코어울트라 시리즈2 / 코어 울트라7 / 애로우레이크 / DDR5 / 64GB / M.2 / 1TB / NVIDIA / 그래픽 메모리 : 16GB / 2.5Gbps 유선 / 802.11ax(Wi-Fi 6E) 무선 / 블루투스 / HDMI / DP포트 / USB3.x 10Gbps / USB3.x 5Gbps / USB C타입 40Gbps / 파워서플라이 / 미들타워 / 어항형 / 수랭쿨러 / LED쿨러 / 용도 : 게임용,0.0,0,2450000,https://img.danawa.com/prod_img/500000/158/479/img/37479158_1.jpg?shrink=130:130&_v=20250509194341
DELL 옵티플렉스 7020 SFF i3-12100,i3-12100 / UHD 그래픽스 730 / Ubuntu / 180W / 인텔 / 코어 12세대 / 코어i3 / 엘더레이크 / DDR5 / 8GB / M.2 / 512GB / INTEL / 1Gbps 유선 / 802.11ax(Wi-Fi 6) 무선 / 블루투스 / HDMI / DP포트 / USB3.x 5Gbps / USB C타입 5Gbps / 파워서플라이 / 슬림 / 용도 : 사무/인강용,0.0,0,469000,https://img.danawa.com/prod_img/500000/898/558/img/79558898_1.jpg?shrink=130:130&_v=20250610100422
레노버 LOQ Tower 17IRB8 i5,i5-13400 / UHD 그래픽스 730 / (인텔) B760 / OS미포함 / 500W / 인텔 / 코어 13세대 / 코어i5 / 랩터레이크 / DDR4 / 8GB / M.2 / 256GB / INTEL / 1Gbps 유선 / 802.11ax(Wi-Fi 6) 무선 / 블루투스 / HDMI / D-SUB / USB3.x 10Gbps / USB3.x 5Gbps / USB C타입 5Gbps / 파워서플라이 / 미들타워 / 8.4kg / 용도 : 사무/인강용,5.0,3,587010,https://img.danawa.com/prod_img/500000/100/573/img/19573100_1.jpg?shrink=130:130&_v=20230712153336
HP S01-PF4001KL-Win11Pro,i3-14100 / UHD 그래픽스 730 / (인텔) H670 / 윈도우11 프로 / 180W / 인텔 / 코어 14세대 / 코어i3 / 랩터레이크-R / DDR4 / 8GB / M.2 / 256GB / INTEL / 1Gbps 유선 / 802.11ac(Wi-Fi 5) 무선 / 블루투스 / HDMI / D-SUB / USB3.x 5Gbps / 파워서플라이 / 슬림 / 3.02kg / 용도 : 사무/인강용 / 구성변경상품,5.0,3,560050,https://img.danawa.com/prod_img/500000/721/611/img/41611721_1.jpg?shrink=130:130&_v=20241227112636
APPLE 맥미니 M4 MU9D3KH/A,M4 10 core / Mac OS Sequoia / 애플(ARM) / M4시리즈 / M4 / 애플 뉴럴엔진 / 16GB / SSD / 256GB / APPLE / 스피커 내장형 / 1Gbps 유선 / 802.11ax(Wi-Fi 6E) 무선 / 블루투스 / HDMI / DP Alt Mode / USB3.x 10Gbps / USB C타입 40Gbps / USB C타입 10Gbps / 썬더볼트4 / 미니PC / 0.67kg / 용도 : 사무/인강용,4.9,25,823640,https://img.danawa.com/prod_img/500000/545/152/img/70152545_1.jpg?shrink=130:130&_v=20250730073105
피씨스토어 화이트 어항 PC 7500F RTX5060 360,7500F / RTX 5060 / (AMD) B650 / OS미포함 / 750W / AMD / 라이젠 7000시리즈 / 라이젠5 / 라파엘 / DDR5 / 32GB / M.2 / 500GB / NVIDIA / 그래픽 메모리 : 8GB / 1Gbps 유선 / HDMI / DP포트 / 파워서플라이 / 미들타워 / 어항형 / LED쿨러 / 용도 : 게임용,5.0,4,1373680,https://img.danawa.com/prod_img/500000/020/826/img/29826020_1.jpg?shrink=130:130&_v=20250910123819
포유컴퓨터 퍼포먼스PC 37 R5 5600 RTX5060,5600 / RTX 5060 / (AMD) A520 / OS미포함 / 600W / AMD / 라이젠 5000시리즈 / 라이젠5 / 버미어 / DDR4 / 16GB / M.2 / 500GB / NVIDIA / 1Gbps 유선 / HDMI / DP포트 / 파워서플라이 / 미들타워 / 어항형 / LED쿨러 / 용도 : 게임용,5.0,5,874910,https://img.danawa.com/prod_img/500000/784/779/img/20779784_1.jpg?shrink=130:130&_v=20250910143922
LG전자 24VD70T-GX50K Win11Home,i5-1334U / Iris Xe 그래픽스 / 윈도우11 / 인텔 / 코어 13세대 / 코어i5 / 랩터레이크 / DDR5 / 8GB / M.2 / 256GB / 화면크기 : 60.4cm(24인치) / 1920x1080 / 눈부심방지 / 광시야각 / 틸트(상하) / 스피커 내장형 / 1Gbps 유선 / 802.11ax(Wi-Fi 6) 무선 / 블루투스 / USB3.x 10Gbps / USB C타입 10Gbps / 웹캠 / 마이크 내장 / DC / 일체형 / 5.8kg / 용도 : 사무/인강용 / 구성변경상품,4.0,1,898990,https://img.danawa.com/prod_img/500000/301/156/img/76156301_1.jpg?shrink=130:130&_v=20250214125146
레노버 LOQ Tower 17IRB-I514S2-WIN11,i5-14400 / UHD 그래픽스 730 / (인텔) B760 / 윈도우11 프로 / 500W / 인텔 / 코어 14세대 / 코어i5 / 랩터레이크-R / DDR4 / 8GB / M.2 / 256GB / INTEL / 1Gbps 유선 / 802.11ax(Wi-Fi 6) 무선 / 블루투스 / HDMI / D-SUB / USB3.x 10Gbps / USB3.x 5Gbps / USB C타입 5Gbps / 파워서플라이 / 미들타워 / 8.4kg / 용도 : 사무/인강용 / 구성변경상품,0.0,0,777300,https://img.danawa.com/new/noData/img/noImg_160.gif
삼성전자 데스크탑 Tower DM500TGZ-AI5S1T2-Win11,i5-14400 / UHD 그래픽스 730 / (인텔) H670 / 윈도우11 프로 / 500W / 인텔 / 코어 14세대 / 코어i5 / 랩터레이크-R / DDR5 / 8GB / HDD:2TB / M.2 / 1TB / INTEL / 1Gbps 유선 / 802.11ax(Wi-Fi 6) 무선 / 블루투스 / HDMI / USB3.x 10Gbps / USB C타입 5Gbps / 파워서플라이 / 미들타워 / 용도 : 사무/인강용 / 구성변경상품,0.0,0,1035000,https://img.danawa.com/new/noData/img/noImg_160.gif
HP 옴니데스크 M03-0000kr Win11Pro,265 / 인텔 그래픽스 / 윈도우11 프로 / 400W / 인텔 / 코어울트라 시리즈2 / 코어 울트라7 / 애로우레이크 / 인텔 AI Boost / 13TOPS / DDR5 / 8GB / M.2 / 256GB / INTEL / 1Gbps 유선 / 802.11ax(Wi-Fi 6E) 무선 / 블루투스 / HDMI / DP포트 / USB3.x 10Gbps / USB3.x 5Gbps / USB C타입 10Gbps / USB C타입 5Gbps / 파워서플라이 / 미니타워 / 5.34kg / 구성변경상품,0.0,0,1139160,https://img.danawa.com/new/noData/img/noImg_160.gif
레노버 아이디어센터 Tower 08IRR9 90XS002CKA Win11Pro,i5-14400 / UHD 그래픽스 730 / (인텔) B760 / 윈도우11 프로 / 310W / 인텔 / 코어 14세대 / 코어i5 / 랩터레이크-R / DDR5 / 8GB / M.2 / 256GB / INTEL / 1Gbps 유선 / 802.11ax(Wi-Fi 6) 무선 / 블루투스 / HDMI / D-SUB / USB3.x 5Gbps / USB C타입 5Gbps / 파워서플라이 / 슬림 / 용도 : 사무/인강용 / 구성변경상품,0.0,0,679000,https://img.danawa.com/new/noData/img/noImg_160.gif
레노버 씽크센터 M80q Gen 4 Tiny 12E90004KR,i5-13500T / UHD 그래픽스 770 / (인텔) Q670 / OS미포함 / 인텔 / 코어 13세대 / 코어i5 / 랩터레이크 / DDR5 / 8GB / M.2 / 256GB / INTEL / 1Gbps 유선 / 802.11ax(Wi-Fi 6E) 무선 / 블루투스 / HDMI / DP포트 / USB3.x 10Gbps / USB C타입 10Gbps / 시리얼포트 / DC / 미니PC / 1.25kg / 용도 : 사무/인강용,5.0,1,795000,https://img.danawa.com/new/noData/img/noImg_160.gif
삼성전자 데스크탑 Slim DM500SGA-AC38B,i3-14100 / UHD 그래픽스 730 / (인텔) H670 / 윈도우11 / 300W / 인텔 / 코어 14세대 / 코어i3 / 랩터레이크-R / DDR5 / 8GB / M.2 / 256GB / INTEL / 1Gbps 유선 / 802.11ax(Wi-Fi 6) 무선 / 블루투스 / HDMI / D-SUB / USB3.x 10Gbps / USB C타입 5Gbps / 파워서플라이 / 슬림 / 5.18kg / 용도 : 사무/인강용,5.0,3,923600,https://img.danawa.com/new/noData/img/noImg_160.gif
레노버 LOQ 17IRB8-CI7SV GTX1650 Win11Pro,i7-13700 / GTX 1650 / (인텔) B760 / 윈도우11 프로 / 500W / 인텔 / 코어 13세대 / 코어i7 / 랩터레이크 / DDR4 / 8GB / M.2 / 2TB / NVIDIA / 1Gbps 유선 / 802.11ax(Wi-Fi 6) 무선 / 블루투스 / HDMI / DP포트 / USB3.x 10Gbps / USB3.x 5Gbps / USB C타입 5Gbps / 파워서플라이 / 미들타워 / 8.4kg / 용도 : 게임용 / 구성변경상품,0.0,0,1489570,https://img.danawa.com/new/noData/img/noImg_160.gif
삼성전자 데스크탑 Tower DM500TGZ-Zi7ADT Win11Pro,i7-14700 / UHD 그래픽스 770 / (인텔) H670 / 윈도우11 프로 / 500W / 인텔 / 코어 14세대 / 코어i7 / 랩터레이크-R / DDR5 / 8GB / M.2 / 1TB / INTEL / 1Gbps 유선 / 802.11ax(Wi-Fi 6) 무선 / 블루투스 / HDMI / D-SUB / USB3.x 10Gbps / USB C타입 5Gbps / 파워서플라이 / 미들타워 / 6.94kg / 용도 : 사무/인강용 / 구성변경상품,0.0,0,1267000,https://img.danawa.com/new/noData/img/noImg_160.gif
영웅컴퓨터 영웅 H게이밍 2560F 225F RTX5060,225F / RTX 5060 / (인텔) H810 / OS미포함 / 600W / 인텔 / 코어울트라 시리즈2 / 코어 울트라5 / 애로우레이크 / 인텔 AI Boost / 13TOPS / DDR5 / 16GB / M.2 / 500GB / NVIDIA / 그래픽 메모리 : 8GB / 1Gbps 유선 / HDMI / DP포트 / 파워서플라이 / 미들타워 / 어항형 / LED쿨러 / 용도 : 게임용,0.0,0,1049900,https://img.danawa.com/new/noData/img/noImg_160.gif
HP 파빌리온 TP01-5002KL Win11Pro,i7-14700 / UHD 그래픽스 770 / 윈도우11 프로 / 500W / 인텔 / 코어 14세대 / 코어i7 / 랩터레이크-R / DDR4 / 16GB / M.2 / 512GB / INTEL / 5.1채널 / 1Gbps 유선 / 802.11ac(Wi-Fi 5) 무선 / 블루투스 / HDMI / USB3.x 10Gbps / USB3.x 5Gbps / USB C타입 5Gbps / 파워서플라이 / 미니타워 / 5.96kg / 용도 : 사무/인강용 / 구성변경상품,0.0,0,1020890,https://img.danawa.com/new/noData/img/noImg_160.gif
주연테크 긱스타 GAMING 98X58-B,9800X3D / RTX 5080 / (AMD) B850 / OS미포함 / 1000W / AMD / 라이젠 9000시리즈 / 라이젠7 / 그래니트 릿지 / DDR5 / 32GB / M.2 / 1TB / NVIDIA / 그래픽 메모리 : 16GB / 1Gbps 유선 / HDMI / DP포트 / 파워서플라이 / 미들타워 / 어항형 / 수랭쿨러 / LED쿨러 / 용도 : 게임용,4.8,11,3344000,https://img.danawa.com/new/noData/img/noImg_160.gif
영웅컴퓨터 영웅 게이밍울트라 7556T R5 7500F RTX5060Ti,7500F / RTX 5060 Ti / (AMD) A620 / OS미포함 / 750W / AMD / 라이젠 7000시리즈 / 라이젠5 / 라파엘 / DDR5 / 32GB / M.2 / 1TB / NVIDIA / 그래픽 메모리 : 8GB / 1Gbps 유선 / HDMI / DP포트 / 파워서플라이 / 미들타워 / 어항형 / LED쿨러 / 용도 : 게임용,0.0,0,1174940,https://img.danawa.com/new/noData/img/noImg_160.gif
주연테크 긱스타 GAMING 44F56T2,i5-14400F / RTX 5060 Ti / (인텔) H610 / OS미포함 / 700W / 인텔 / 코어 14세대 / 코어i5 / 랩터레이크-R / DDR5 / 32GB / M.2 / 1TB / NVIDIA / 그래픽 메모리 : 16GB / 1Gbps 유선 / HDMI / DP포트 / 파워서플라이 / 미들타워 / 어항형 / LED쿨러 / 용도 : 게임용,5.0,1,1250850,https://img.danawa.com/new/noData/img/noImg_160.gif
다나와표준PC 게임용 250509,5600 / RX 6600 / (AMD) B450 / OS미포함 / 700W / AMD / 라이젠 5000시리즈 / 라이젠5 / 버미어 / DDR4 / 16GB / SSD / 240GB / AMD / 그래픽 메모리 : 8GB / 1Gbps 유선 / 파워서플라이 / 미들타워 / 어항형 / LED쿨러 / 용도 : 게임용,5.0,2,717550,https://img.danawa.com/new/noData/img/noImg_160.gif
주연테크 긱스타 55GT02,5500GT / 그래픽스 7 / (AMD) A520 / OS미포함 / 500W / AMD / 라이젠 5000시리즈 / 라이젠5 / 세잔 / DDR4 / 16GB / M.2 / 512GB / AMD / 1Gbps 유선 / 파워서플라이 / 미들타워 / 용도 : 사무/인강용,4.7,58,352890,https://img.danawa.com/new/noData/img/noImg_160.gif
포유컴퓨터 퍼포먼스PC 31 i5 14400F RTX5060,i5-14400F / RTX 5060 / (인텔) H610 / OS미포함 / 600W / 인텔 / 코어 14세대 / 코어i5 / 랩터레이크-R / DDR5 / 16GB / M.2 / 500GB / NVIDIA / 1Gbps 유선 / HDMI / DP포트 / 파워서플라이 / 미들타워 / LED쿨러 / 용도 : 게임용,5.0,8,1019480,https://img.danawa.com/new/noData/img/noImg_160.gif
다나와표준PC DPG 게임용 250723,265KF / RTX 5060 Ti / (인텔) B860 / OS미포함 / 850W / 인텔 / 코어울트라 시리즈2 / 코어 울트라7 / 애로우레이크 / 인텔 AI Boost / 13TOPS / DDR5 / 16GB / M.2 / 1TB / NVIDIA / 그래픽 메모리 : 8GB / 1Gbps 유선 / 파워서플라이 / 미들타워 / 어항형 / 수랭쿨러 / LED쿨러 / 용도 : 게임용,0.0,0,1975020,https://img.danawa.com/new/noData/img/noImg_160.gif
영웅컴퓨터 영웅 RL3461F i5-13400F RTX5060Ti,i5-13400F / RTX 5060 Ti / (인텔) H610 / OS미포함 / 600W / 인텔 / 코어 13세대 / 코어i5 / 랩터레이크 / DDR5 / 16GB / M.2 / 512GB / NVIDIA / 그래픽 메모리 : 8GB / 1Gbps 유선 / HDMI / DP포트 / 파워서플라이 / 미들타워 / 용도 : 게임용,4.8,37,1031460,https://img.danawa.com/new/noData/img/noImg_160.gif
타무즈 스트라이커 TZ200A1EAA,i3-12100 / UHD 730 / (인텔) H610 / OS미포함 / 500W / 인텔 / 코어 12세대 / 코어i3 / 엘더레이크 / DDR4 / 8GB / M.2 / 250GB / INTEL / 1Gbps 유선 / USB3.x 5Gbps / 파워서플라이 / 미들타워 / 용도 : 사무/인강용,3.0,2,351360,https://img.danawa.com/new/noData/img/noImg_160.gif
HP 오멘 16L TG03-0004KR,265F / RTX 5060 Ti / (인텔) B860 / 윈도우11 프로 / 500W / 인텔 / 코어울트라 시리즈2 / 코어 울트라7 / 애로우레이크 / 인텔 AI Boost / 13TOPS / DDR5 / 32GB / M.2 / 1TB / NVIDIA / 그래픽 메모리 : 16GB / 2.5Gbps 유선 / 802.11ax(Wi-Fi 6E) 무선 / 블루투스 / HDMI / DP포트 / USB3.x 5Gbps / USB C타입 10Gbps / 파워서플라이 / 미니타워 / 용도 : 게임용,0.0,0,2498020,https://img.danawa.com/new/noData/img/noImg_160.gif
다나와표준PC 온라인강의용 250705,8500G / 740M / (AMD) A620 / OS미포함 / 550W / AMD / 라이젠 8000시리즈 / 라이젠5 / 피닉스 / DDR5 / 16GB / SSD / 240GB / AMD / 1Gbps 유선 / 파워서플라이 / 미들타워 / 어항형 / LED쿨러 / 용도 : 사무/인강용,0.0,0,596820,https://img.danawa.com/new/noData/img/noImg_160.gif
피씨스토어 베스트 게이밍 7500F RTX5060 700W,7500F / RTX 5060 / (AMD) A620 / OS미포함 / 700W / AMD / 라이젠 7000시리즈 / 라이젠5 / 라파엘 / DDR5 / 16GB / M.2 / 500GB / NVIDIA / 그래픽 메모리 : 8GB / 1Gbps 유선 / HDMI / DP포트 / 파워서플라이 / 미들타워 / LED쿨러 / 용도 : 게임용,5.0,6,1009360,https://img.danawa.com/prod_img/500000/825/402/img/29402825_1.jpg?shrink=130:130&_v=20250610080139
삼성전자 데스크탑 Tower DM500TGZ-Zi7ADT RTX5060Ti Win11Pro,i7-14700 / RTX 5060 Ti / (인텔) H670 / 윈도우11 프로 / 700W / 인텔 / 코어 14세대 / 코어i7 / 랩터레이크-R / DDR5 / 16GB / M.2 / 1TB / NVIDIA / 그래픽 메모리 : 8GB / 1Gbps 유선 / 802.11ax(Wi-Fi 6) 무선 / 블루투스 / HDMI / D-SUB / USB3.x 10Gbps / USB C타입 5Gbps / 파워서플라이 / 미들타워 / 6.94kg / 용도 : 게임용 / 구성변경상품,0.0,0,2243000,https://img.danawa.com/prod_img/500000/264/633/img/89633264_1.jpg?shrink=130:130&_v=20250430111042
이그닉 인테그 프로 9950 IG-ITP00036,9950X / 그래픽스 2 / (AMD) B650 / OS미포함 / 800W / AMD / 라이젠 9000시리즈 / 라이젠9 / 그래니트 릿지 / DDR5 / 32GB / M.2 / 1TB / AMD / 1Gbps 유선 / 파워서플라이 / 미들타워 / 용도 : 사무/인강용,0.0,0,1499000,https://img.danawa.com/prod_img/500000/850/418/img/72418850_1.jpg?shrink=130:130&_v=20241205130830
삼성전자 데스크탑 Tower DM500TGA-AI5S5X5-RTX3050-WIN11,i5-14400 / RTX 4060 / (인텔) H670 / 윈도우11 / 500W / 인텔 / 코어 14세대 / 코어i5 / 랩터레이크-R / DDR5 / 8GB / M.2 / 512GB + 512GB / NVIDIA / 1Gbps 유선 / 802.11ax(Wi-Fi 6) 무선 / 블루투스 / USB3.x 10Gbps / USB C타입 5Gbps / 파워서플라이 / 미들타워 / 용도 : 게임용 / 구성변경상품,0.0,0,1410000,https://img.danawa.com/prod_img/500000/815/790/img/68790815_1.jpg?shrink=130:130&_v=20241016160959
삼성전자 올인원PC DM530AFA-LC58W,i5-1340P / Iris Xe 그래픽스 / 윈도우11 / 인텔 / 코어 13세대 / 코어i5 / 랩터레이크 / DDR5 / 8GB / M.2 / 256GB / 화면크기 : 60.5cm(24인치) / 1920x1080 / 눈부심방지 / 광시야각 / 스피커 내장형 / 1Gbps 유선 / 802.11ac(Wi-Fi 5) 무선 / 블루투스 / HDMI / USB3.x 5Gbps / USB C타입 5Gbps / 웹캠 / 마이크 내장 / DC / 일체형 / 6.75kg / 용도 : 사무/인강용,5.0,2,1478720,https://img.danawa.com/prod_img/500000/128/244/img/20244128_1.jpg?shrink=130:130&_v=20240508150835
다나와표준PC 전문가용 250826,9900X3D / RTX 5070 Ti / (AMD) X870E / OS미포함 / 1000W / AMD / 라이젠 9000시리즈 / 라이젠9 / 그래니트 릿지 / DDR5 / 16GB / HDD:2TB / M.2 / 1TB / NVIDIA / 그래픽 메모리 : 16GB / 1Gbps 유선 / HDMI / DP포트 / 파워서플라이 / 빅타워 / 어항형 / 수랭쿨러 / LED쿨러 / 용도 : 게임용,0.0,0,3689320,https://img.danawa.com/prod_img/500000/589/056/img/95056589_1.jpg?shrink=130:130&_v=20250801131532
다나와표준PC 전문가용 250425,265 / RTX 3050 / (인텔) B860 / OS미포함 / 850W / 인텔 / 코어울트라 시리즈2 / 코어 울트라7 / 애로우레이크 / 인텔 AI Boost / 13TOPS / DDR5 / 16GB / M.2 / 1TB / NVIDIA / 그래픽 메모리 : 6GB / 1Gbps 유선 / 파워서플라이 / 미들타워 / 어항형 / 수랭쿨러 / LED쿨러 / 용도 : 게임용,0.0,0,1668110,https://img.danawa.com/prod_img/500000/447/986/img/78986447_1.jpg?shrink=130:130&_v=20250601093241
주연테크 긱스타 GAMING 75F46T2,7500F / RTX 4060 Ti / (AMD) B650 / OS미포함 / 700W / AMD / 라이젠 7000시리즈 / 라이젠5 / 라파엘 / DDR5 / 32GB / M.2 / 1TB / NVIDIA / 그래픽 메모리 : 8GB / 1Gbps 유선 / HDMI / DP포트 / 파워서플라이 / 미들타워 / 어항형 / LED쿨러 / 용도 : 게임용,4.8,465,1194280,https://img.danawa.com/prod_img/500000/370/040/img/66040370_1.jpg?shrink=130:130&_v=20250710083001
DELL 에일리언웨어 AREA-51 DAWARR8-WP04KR,285K / RTX 5090 / 윈도우11 프로 / 1500W / 인텔 / 코어울트라 시리즈2 / 코어 울트라9 / 애로우레이크 / 인텔 AI Boost / 13TOPS / DDR5 / 64GB / M.2 / 2TB / NVIDIA / 그래픽 메모리 : 32GB / 2.5Gbps 유선 / 802.11be(Wi-Fi 7) 무선 / 블루투스 / HDMI / DP포트 / USB3.x 5Gbps / USB C타입 10Gbps / 썬더볼트4 / 파워서플라이 / 미들타워 / 수랭쿨러 / LED쿨러 / 34.58kg / 용도 : 게임용,0.0,0,9550000,https://img.danawa.com/prod_img/500000/452/046/img/92046452_1.jpg?shrink=130:130&_v=20250701091619
Beelink SER8 8845HS 해외구매,해외구매 / 8845HS / 780M / AMD / 라이젠 8000시리즈 / 라이젠7 / 호크포인트 / AMD 라이젠 AI / 16TOPS / DDR5 / AMD / 1Gbps 유선 / 802.11ax(Wi-Fi 6) 무선 / 블루투스 / HDMI / DP포트 / USB3.x 10Gbps / USB C타입 40Gbps / USB C타입 10Gbps / DC / 미니PC / 용도 : 사무/인강용,4.8,106,454990,https://img.danawa.com/prod_img/500000/603/419/img/63419603_1.jpg?shrink=130:130&_v=20250827112905
LG전자 B90MV-AP47A32E,i7-14700 / UHD 770 / (인텔) B760 / 윈도우11 프로 / 500W / 인텔 / 코어 14세대 / 코어i7 / 랩터레이크-R / DDR5 / 32GB / M.2 / 256GB / INTEL / 5.1채널 / 1Gbps 유선 / 802.11ax(Wi-Fi 6) 무선 / 블루투스 / HDMI / D-SUB / USB3.x 5Gbps / USB C타입 5Gbps / 파워서플라이 / 미들타워 / 용도 : 사무/인강용 / 구성변경상품,0.0,0,1468750,https://img.danawa.com/new/noData/img/noImg_160.gif
삼성전자 데스크탑 Tower DM500TGA-Z7AB,i7-14700 / UHD 그래픽스 770 / (인텔) H670 / 윈도우11 프로 / 500W / 인텔 / 코어 14세대 / 코어i7 / 랩터레이크-R / DDR5 / 8GB / M.2 / 256GB / INTEL / 1Gbps 유선 / HDMI / D-SUB / USB3.x 10Gbps / USB C타입 5Gbps / 파워서플라이 / 미들타워 / 6.94kg / 용도 : 사무/인강용 / 구성변경상품,0.0,0,1287650,https://img.danawa.com/new/noData/img/noImg_160.gif
GMKtec GMK K8 PLUS 해외구매,해외구매 / 8845HS / 780M / AMD / 라이젠 8000시리즈 / 라이젠7 / 호크포인트 / AMD 라이젠 AI / 16TOPS / DDR5 / AMD / 2.5Gbps 유선 / 802.11ax(Wi-Fi 6) 무선 / 블루투스 / 듀얼랜 / HDMI / DP포트 / USB3.x 10Gbps / USB C타입 40Gbps / DC / 미니PC / 용도 : 사무/인강용,4.9,14,425050,https://img.danawa.com/new/noData/img/noImg_160.gif
레노버 LEGION T7 34IAS10 90Y6004HKA,285K / RTX 5080 / (인텔) Z890 / 윈도우11 프로 / 850W / 인텔 / 코어울트라 시리즈2 / 코어 울트라9 / 애로우레이크 / 인텔 AI Boost / 13TOPS / DDR5 / 64GB / M.2 / 2TB / NVIDIA / 그래픽 메모리 : 16GB / 2.5Gbps 유선 / 802.11be(Wi-Fi 7) 무선 / 블루투스 / HDMI / DP포트 / USB3.x 10Gbps / USB3.x 5Gbps / USB C타입 10Gbps / 썬더볼트4 / 파워서플라이 / 미들타워 / 수랭쿨러 / LED쿨러 / 18kg / 용도 : 게임용,0.0,0,5199000,https://img.danawa.com/new/noData/img/noImg_160.gif
삼성전자 데스크탑 Tower DM500TGZ-Zi9ADT RTX4000 Win11Pro,i9-14900 / RTX 4000 Ada / (인텔) H670 / 윈도우11 프로 / 500W / 인텔 / 코어 14세대 / 코어i9 / 랩터레이크-R / DDR5 / 16GB / M.2 / 1TB / 1Gbps 유선 / 802.11ax(Wi-Fi 6) 무선 / 블루투스 / HDMI / D-SUB / USB3.x 10Gbps / USB C타입 5Gbps / 파워서플라이 / 미들타워 / 6.94kg / 용도 : 그래픽작업 / 구성변경상품,0.0,0,4442000,https://img.danawa.com/new/noData/img/noImg_160.gif
ASRock DeskMini X300 3200G 120W SSD 대원씨티에스,3200G / Vega 8 / (AMD) X300 / OS미포함 / AMD / 라이젠 3000시리즈 / 라이젠3 / 피카소 / DDR4 / 8GB / SSD / 128GB / AMD / 1Gbps 유선 / HDMI / DP포트 / D-SUB / USB3.x 5Gbps / USB C타입 5Gbps / 베사홀 / DC / 미니PC / 용도 : 사무/인강용,0.0,0,370000,https://img.danawa.com/new/noData/img/noImg_160.gif
모맨 겜덕피시 게이밍 7500F RTX5060,7500F / RTX 5060 / (AMD) A620 / OS미포함 / 600W / AMD / 라이젠 7000시리즈 / 라이젠5 / 라파엘 / DDR5 / 32GB / M.2 / 1TB / NVIDIA / 그래픽 메모리 : 8GB / 1Gbps 유선 / HDMI / DP포트 / 파워서플라이 / 미들타워 / 어항형 / LED쿨러 / 용도 : 게임용,0.0,0,1200000,https://img.danawa.com/new/noData/img/noImg_160.gif
포유컴퓨터 i5-14400F 반본체 5387,i5-14400F / (인텔) B760 / OS미포함 / 600W / 인텔 / 코어 14세대 / 코어i5 / 랩터레이크-R / DDR5 / 16GB / M.2 / 500GB / 1Gbps 유선 / 파워서플라이 / 미들타워 / 어항형 / LED쿨러,0.0,0,598000,https://img.danawa.com/new/noData/img/noImg_160.gif
레노버 올인원PC A100 24 F0J6000JKR,N100 (1.0GHz) / UHD 그래픽스 / OS미포함 / 인텔 / N-시리즈 / 엘더레이크-N / DDR4 / 8GB / M.2 / 256GB / INTEL / 화면크기 : 61cm(24인치) / 1920x1080 / 광시야각 / 틸트(상하) / 스피커 내장형 / 1Gbps 유선 / 802.11ax(Wi-Fi 6) 무선 / 블루투스 / HDMI / USB3.x 10Gbps / 웹캠 / 마이크 내장 / DC / 일체형 / 4.43kg / 용도 : 사무/인강용,4.9,100,376640,https://img.danawa.com/new/noData/img/noImg_160.gif
ASUS MiniPC PN40-BC905ZV J4025 Win10 Pro,J4025 (2.0GHz) / UHD 600 / 윈도우10 프로 / 인텔 / 셀러론 / 셀러론 / 제미니레이크-R / DDR4 / 4GB / eMMC / 64GB / INTEL / 1Gbps 유선 / 802.11ac(Wi-Fi 5) 무선 / 블루투스 / HDMI / mini DP / D-SUB / USB3.x 5Gbps / USB C타입 5Gbps / 베사홀 / DC / 미니PC / 용도 : 사무/인강용,5.0,3,384670,https://img.danawa.com/new/noData/img/noImg_160.gif
다나와표준PC 게임용 220509,5600G / 그래픽스 7 / (AMD) B550 / OS미포함 / 500W / AMD / 라이젠 5000시리즈 / 라이젠5 / 세잔 / DDR4 / 16GB / M.2 / 500GB / AMD / 1Gbps 유선 / HDMI / D-SUB / USB3.x 5Gbps / 파워서플라이 / 미들타워 / 용도 : 사무/인강용,4.6,21,467810,https://img.danawa.com/new/noData/img/noImg_160.gif
MSI MAG 인피니트 E1 14NUC i5 RTX5060 Win11Home,i5-14400F / RTX 5060 / (인텔) H610 / 윈도우11 / 500W / 인텔 / 코어 14세대 / 코어i5 / 랩터레이크-R / DDR5 / 32GB / M.2 / 1TB / NVIDIA / 그래픽 메모리 : 8GB / 7.1채널 / 1Gbps 유선 / 802.11ax(Wi-Fi 6E) 무선 / 블루투스 / HDMI / DP포트 / USB3.x 5Gbps / USB C타입 5Gbps / 파워서플라이 / 미들타워 / 7.59kg / 용도 : 게임용 / Mystic Light,0.0,0,1333790,https://img.danawa.com/new/noData/img/noImg_160.gif
영웅컴퓨터 영웅 울트라게이밍 004 I7-14700KF RTX5070Ti,i7-14700KF / RTX 5070 Ti / (인텔) B760 / OS미포함 / 800W / 인텔 / 코어 14세대 / 코어i7 / 랩터레이크-R / DDR5 / 32GB / M.2 / 1TB / NVIDIA / 그래픽 메모리 : 16GB / 1Gbps 유선 / HDMI / DP포트 / 파워서플라이 / 미들타워 / 어항형 / LED쿨러 / 용도 : 게임용,5.0,3,2401130,https://img.danawa.com/new/noData/img/noImg_160.gif
한성컴퓨터 슈컴 Master A9857TW,9800X3D / RTX 5070 Ti / (AMD) B650 / OS미포함 / 850W / AMD / 라이젠 9000시리즈 / 라이젠7 / 그래니트 릿지 / DDR5 / 32GB / M.2 / 1TB / NVIDIA / 그래픽 메모리 : 16GB / 1Gbps 유선 / HDMI / DP포트 / 파워서플라이 / 미들타워 / 어항형 / LED쿨러 / 용도 : 게임용,4.7,4,2596010,https://img.danawa.com/new/noData/img/noImg_160.gif
영웅컴퓨터 영웅 울트라게이밍 006 i9-14900KF RTX5070Ti,i9-14900KF / RTX 5070 Ti / (인텔) B760 / OS미포함 / 800W / 인텔 / 코어 14세대 / 코어i9 / 랩터레이크-R / DDR5 / 32GB / M.2 / 1TB / NVIDIA / 그래픽 메모리 : 16GB / 1Gbps 유선 / HDMI / DP포트 / 파워서플라이 / 미들타워 / 어항형 / 수랭쿨러 / LED쿨러 / 용도 : 게임용,5.0,3,2575000,https://img.danawa.com/new/noData/img/noImg_160.gif
영웅컴퓨터 영웅 H게이밍 4460F I5-14400F RTX5060,i5-14400F / RTX 5060 / (인텔) H610 / OS미포함 / 600W / 인텔 / 코어 14세대 / 코어i5 / 랩터레이크-R / DDR5 / 16GB / M.2 / 500GB / NVIDIA / 그래픽 메모리 : 8GB / 1Gbps 유선 / HDMI / DP포트 / 파워서플라이 / 미들타워 / 용도 : 게임용,4.7,9,915120,https://img.danawa.com/new/noData/img/noImg_160.gif
한성컴퓨터 슈컴 R5 5500GT Win11Home,5500GT / 그래픽스 7 / (AMD) A520 / 윈도우11 / 500W / AMD / 라이젠 5000시리즈 / 라이젠5 / 세잔 / DDR4 / 16GB / M.2 / 512GB / AMD / 1Gbps 유선 / 파워서플라이 / 미니타워 / 용도 : 사무/인강용,3.8,8,538990,https://img.danawa.com/new/noData/img/noImg_160.gif
주연테크 굿워크 D1v12100P 화이트,i3-12100 / UHD 730 / (인텔) H610 / 윈도우11 프로 / 300W / 인텔 / 코어 12세대 / 코어i3 / 엘더레이크 / DDR4 / 8GB / M.2 / 256GB / INTEL / 1Gbps 유선 / 파워서플라이 / 미니타워 / 용도 : 사무/인강용,0.0,0,648000,https://img.danawa.com/new/noData/img/noImg_160.gif
다나와표준PC 온라인강의용 250706,8600G / 760M / (AMD) A620 / OS미포함 / 700W / AMD / 라이젠 8000시리즈 / 라이젠5 / 피닉스 / AMD 라이젠 AI / 16TOPS / DDR5 / 16GB / M.2 / 256GB / AMD / 1Gbps 유선 / 파워서플라이 / 미들타워 / LED쿨러 / 용도 : 사무/인강용,0.0,0,614310,https://img.danawa.com/new/noData/img/noImg_160.gif
주연테크 긱스타 55GT01,5500GT / 그래픽스 7 / (AMD) B450 / OS미포함 / 500W / AMD / 라이젠 5000시리즈 / 라이젠5 / 세잔 / DDR4 / 8GB / M.2 / 256GB / AMD / 1Gbps 유선 / 파워서플라이 / 미들타워 / 용도 : 사무/인강용,5.0,6,316980,https://img.danawa.com/new/noData/img/noImg_160.gif
주연테크 굿워크 D2v56G Win11,5600G / 그래픽스 7 / (AMD) B450 / 윈도우11 / 600W / AMD / 라이젠 5000시리즈 / 라이젠5 / 세잔 / DDR4 / 8GB / M.2 / 256GB / AMD / 1Gbps 유선 / 파워서플라이 / 미들타워 / 용도 : 사무/인강용,0.0,0,562500,https://img.danawa.com/prod_img/500000/448/030/img/58030448_1.jpg?shrink=130:130&_v=20241008104535
다나와표준PC DPG 게임용 250422,7600 / RTX 5070 / (AMD) A620 / OS미포함 / 850W / AMD / 라이젠 7000시리즈 / 라이젠5 / 라파엘 / DDR5 / 16GB / M.2 / 1TB / NVIDIA / 그래픽 메모리 : 12GB / 1Gbps 유선 / 파워서플라이 / 미들타워 / LED쿨러 / 용도 : 게임용,0.0,0,1885360,https://img.danawa.com/prod_img/500000/309/986/img/78986309_1.jpg?shrink=130:130&_v=20250401160819
영웅컴퓨터 영웅 게이밍울트라 9657,9600X / RTX 5070 / (AMD) B650 / OS미포함 / 800W / AMD / 라이젠 9000시리즈 / 라이젠5 / 그래니트 릿지 / DDR5 / 32GB / M.2 / 1TB / NVIDIA / 그래픽 메모리 : 12GB / 1Gbps 유선 / HDMI / DP포트 / 파워서플라이 / 미들타워 / 어항형 / LED쿨러 / 용도 : 게임용,3.0,4,1570130,https://img.danawa.com/prod_img/500000/548/240/img/87240548_1.jpg?shrink=130:130&_v=20250423081947
주연테크 긱스타 GAMING 78X56T2,7800X3D / RTX 5060 Ti / (AMD) B650 / OS미포함 / 800W / AMD / 라이젠 7000시리즈 / 라이젠7 / 라파엘 / DDR5 / 32GB / M.2 / 1TB / NVIDIA / 그래픽 메모리 : 16GB / 1Gbps 유선 / HDMI / DP포트 / 파워서플라이 / 미들타워 / 어항형 / LED쿨러 / 용도 : 게임용,5.0,5,1619910,https://img.danawa.com/prod_img/500000/563/100/img/86100563_1.jpg?shrink=130:130&_v=20250421155415
포유컴퓨터 퍼포먼스PC 46 R5 7500F RTX5060 WIN11,7500F / RTX 5060 / (AMD) B650 / 윈도우11 / 600W / AMD / 라이젠 7000시리즈 / 라이젠5 / 라파엘 / DDR5 / 16GB / M.2 / 500GB / NVIDIA / 1Gbps 유선 / HDMI / DP포트 / 파워서플라이 / 미들타워 / 어항형 / 용도 : 게임용,0.0,0,1175890,https://img.danawa.com/prod_img/500000/127/390/img/28390127_1.jpg?shrink=130:130&_v=20250520183455
영웅컴퓨터 영웅 게이밍울트라 9756T,9700X / RTX 5060 Ti / (AMD) A620 / OS미포함 / 750W / AMD / 라이젠 9000시리즈 / 라이젠7 / 그래니트 릿지 / DDR5 / 32GB / M.2 / 1TB / NVIDIA / 그래픽 메모리 : 8GB / 1Gbps 유선 / HDMI / DP포트 / 파워서플라이 / 미들타워 / 어항형 / LED쿨러 / 용도 : 게임용,0.0,0,1449180,https://img.danawa.com/prod_img/500000/400/189/img/91189400_1.jpg?shrink=130:130&_v=20250523140640
타무즈 스트라이커 TZ200M2EDA Win11Home,i5-14400 / UHD 730 / (인텔) H610 / 윈도우11 / 500W / 인텔 / 코어 14세대 / 코어i5 / 랩터레이크-R / DDR5 / 8GB / M.2 / 256GB / INTEL / 1Gbps 유선 / HDMI / DP포트 / D-SUB / USB3.x 5Gbps / 파워서플라이 / 미들타워 / 용도 : 사무/인강용,0.0,0,617810,https://img.danawa.com/prod_img/500000/043/859/img/93859043_1.jpg?shrink=130:130&_v=20250710092020
타무즈 스트라이커 TZ200G1EAA,i5-13400 / UHD 730 / (인텔) H610 / OS미포함 / 500W / 인텔 / 코어 13세대 / 코어i5 / 랩터레이크 / DDR4 / 8GB / M.2 / 250GB / INTEL / 1Gbps 유선 / HDMI / DP포트 / D-SUB / USB3.x 5Gbps / 파워서플라이 / 미들타워 / 용도 : 사무/인강용,0.0,0,439040,https://img.danawa.com/prod_img/500000/476/509/img/76509476_1.jpg?shrink=130:130&_v=20250220124222
다나와표준PC 게임용 250812,i5-14400F / RTX 5060 / (인텔) B760 / OS미포함 / 850W / 인텔 / 코어 14세대 / 코어i5 / 랩터레이크-R / DDR5 / 16GB / M.2 / 500GB / NVIDIA / 그래픽 메모리 : 8GB / 1Gbps 유선 / HDMI / DP포트 / 파워서플라이 / 미들타워 / 어항형 / LED쿨러 / 용도 : 게임용,0.0,0,1164790,https://img.danawa.com/prod_img/500000/536/055/img/95055536_1.jpg?shrink=130:130&_v=20250801104557
한성컴퓨터 슈컴 PRO A9696XT6,9600X / RX 9060 XT / (AMD) B650 / OS미포함 / 600W / AMD / 라이젠 9000시리즈 / 라이젠5 / 그래니트 릿지 / DDR5 / 32GB / M.2 / 1TB / AMD / 그래픽 메모리 : 16GB / 1Gbps 유선 / HDMI / DP포트 / 파워서플라이 / 미들타워 / 어항형 / LED쿨러 / 용도 : 게임용,0.0,0,1372050,https://img.danawa.com/prod_img/500000/674/346/img/95346674_1.jpg?shrink=130:130&_v=20250806160256
STCOM STAI-V21,i3-12100 / UHD 730 / (인텔) H610 / OS미포함 / 500W / 인텔 / 코어 12세대 / 코어i3 / 엘더레이크 / DDR4 / 16GB / SSD / 480GB / INTEL / 1Gbps 유선 / 파워서플라이 / 미들타워 / 용도 : 사무/인강용,0.0,0,353780,https://img.danawa.com/prod_img/500000/571/338/img/74338571_1.jpg?shrink=130:130&_v=20250206075957
다나와표준PC 게임용 250416,i5-14400F / RTX 4060 / (인텔) B760 / OS미포함 / 750W / 인텔 / 코어 14세대 / 코어i5 / 랩터레이크-R / DDR5 / 16GB / M.2 / 500GB / NVIDIA / 그래픽 메모리 : 8GB / 1Gbps 유선 / 파워서플라이 / 미들타워 / LED쿨러 / 용도 : 게임용,0.0,0,1187820,https://img.danawa.com/new/noData/img/noImg_160.gif
포유컴퓨터 퍼포먼스PC 46 R5 7500F RTX5060,7500F / RTX 5060 / (AMD) B650 / OS미포함 / 600W / AMD / 라이젠 7000시리즈 / 라이젠5 / 라파엘 / DDR5 / 16GB / M.2 / 500GB / NVIDIA / 그래픽 메모리 : 8GB / 1Gbps 유선 / HDMI / DP포트 / 파워서플라이 / 미들타워 / 어항형 / LED쿨러 / 용도 : 게임용,4.0,3,1002490,https://img.danawa.com/new/noData/img/noImg_160.gif
포유컴퓨터 퍼포먼스PC 34 i5 13400F RTX4060Ti,i5-13400F / RTX 4060 Ti / (인텔) H610 / OS미포함 / 600W / 인텔 / 코어 13세대 / 코어i5 / 랩터레이크 / DDR5 / 16GB / M.2 / 500GB / NVIDIA / 1Gbps 유선 / HDMI / DP포트 / 파워서플라이 / 미들타워 / LED쿨러 / 용도 : 게임용,4.8,76,1026800,https://img.danawa.com/new/noData/img/noImg_160.gif
한성컴퓨터 슈컴 PRO A9700,9700X / 그래픽스 2 / (AMD) B650 / OS미포함 / 800W / AMD / 라이젠 9000시리즈 / 라이젠7 / 그래니트 릿지 / DDR5 / 32GB / M.2 / 1TB / AMD / 1Gbps 유선 / 파워서플라이 / 미들타워 / LED쿨러 / 용도 : 사무/인강용,0.0,0,947070,https://img.danawa.com/new/noData/img/noImg_160.gif
STCOM STAI-V128,5600 / RTX 3060 / (AMD) A520 / OS미포함 / 600W / AMD / 라이젠 5000시리즈 / 라이젠5 / 버미어 / DDR4 / 32GB / M.2 / 1TB / NVIDIA / 그래픽 메모리 : 12GB / 1Gbps 유선 / HDMI / DP포트 / 파워서플라이 / 미들타워 / 용도 : 게임용,5.0,1,835480,https://img.danawa.com/new/noData/img/noImg_160.gif
주연테크 굿워크 D2v13400,i5-13400 / UHD 730 / (인텔) H610 / OS미포함 / 500W / 인텔 / 코어 13세대 / 코어i5 / 랩터레이크 / DDR4 / 8GB / M.2 / 256GB / INTEL / 1Gbps 유선 / 파워서플라이 / 미들타워 / 용도 : 사무/인강용,0.0,0,519000,https://img.danawa.com/new/noData/img/noImg_160.gif
다나와표준PC 홈/오피스용 250804,i5-12400 / UHD 730 / (인텔) H610 / OS미포함 / 600W / 인텔 / 코어 12세대 / 코어i5 / 엘더레이크 / DDR5 / 16GB / M.2 / 256GB / INTEL / 1Gbps 유선 / 파워서플라이 / 미들타워 / LED쿨러 / 용도 : 사무/인강용,0.0,0,581250,https://img.danawa.com/new/noData/img/noImg_160.gif
포유컴퓨터 퍼포먼스PC 51 i5 13400F RTX3050,i5-13400F / RTX 3050 / (인텔) H610 / OS미포함 / 600W / 인텔 / 코어 13세대 / 코어i5 / 랩터레이크 / DDR5 / 16GB / M.2 / 500GB / NVIDIA / 1Gbps 유선 / HDMI / DP포트 / 파워서플라이 / 미들타워 / LED쿨러 / 용도 : 게임용,5.0,3,706910,https://img.danawa.com/new/noData/img/noImg_160.gif
다나와표준PC 홈/오피스용 250701,3200G / Vega 8 / (AMD) A520 / OS미포함 / 500W / AMD / 라이젠 3000시리즈 / 라이젠3 / 피카소 / DDR4 / 8GB / SSD / 240GB / AMD / 1Gbps 유선 / 파워서플라이 / 미들타워 / 어항형 / LED쿨러 / 용도 : 사무/인강용,0.0,0,341170,https://img.danawa.com/new/noData/img/noImg_160.gif
영웅컴퓨터 영웅 베이직 5600M2,5600 / RTX 3050 / (AMD) A520 / OS미포함 / 600W / AMD / 라이젠 5000시리즈 / 라이젠5 / 버미어 / DDR4 / 16GB / M.2 / 512GB / NVIDIA / 그래픽 메모리 : 6GB / 1Gbps 유선 / HDMI / DP포트 / DVI / 파워서플라이 / 미들타워 / 용도 : 게임용,5.0,2,667270,https://img.danawa.com/new/noData/img/noImg_160.gif
타무즈 TP34 Win11Pro,i5-1340P / Iris Xe 그래픽스 / 윈도우11 프로 / 인텔 / 코어 13세대 / 코어i5 / 랩터레이크 / DDR5 / 8GB / M.2 / 256GB / 2.5Gbps 유선 / 802.11ax(Wi-Fi 6) 무선 / 블루투스 / 듀얼랜 / HDMI / DP포트 / USB3.x 5Gbps / USB C타입 10Gbps / 베사홀 / DC / 미니PC / 460g / 용도 : 사무/인강용,0.0,0,641710,https://img.danawa.com/new/noData/img/noImg_160.gif
STCOM STAI-V70,i5-14400F / RX 580 / (인텔) H610 / OS미포함 / 600W / 인텔 / 코어 14세대 / 코어i5 / 랩터레이크-R / DDR4 / 32GB / M.2 / 1TB / AMD / 1Gbps 유선 / 파워서플라이 / 미들타워 / 용도 : 게임용,5.0,5,632360,https://img.danawa.com/new/noData/img/noImg_160.gif
주연테크 JYFS-144TH5-WIN11,i5-14400 / UHD 730 / (인텔) H610 / 윈도우11 / 400W / 인텔 / 코어 14세대 / 코어i5 / 랩터레이크-R / DDR4 / 8GB / M.2 / 256GB / INTEL / 1Gbps 유선 / HDMI / D-SUB / USB3.x 5Gbps / 파워서플라이 / 슬림 / 용도 : 사무/인강용,0.0,0,630000,https://img.danawa.com/new/noData/img/noImg_160.gif
타무즈 스트라이커 TZ200M1EAA,i5-14400 / UHD 730 / (인텔) H610 / OS미포함 / 500W / 인텔 / 코어 14세대 / 코어i5 / 랩터레이크-R / DDR4 / 8GB / M.2 / 250GB / INTEL / 1Gbps 유선 / HDMI / DP포트 / D-SUB / USB3.x 5Gbps / 파워서플라이 / 미들타워 / 용도 : 사무/인강용,1.0,1,455050,https://img.danawa.com/new/noData/img/noImg_160.gif
LG전자 B80LV-I5AR4SD-GT1030,i5-14400 / GT 1030 / (인텔) H610 / 윈도우11 / 500W / 인텔 / 코어 14세대 / 코어i5 / 랩터레이크-R / DDR5 / 8GB / M.2 / 512GB / NVIDIA / 그래픽 메모리 : 2GB / 1Gbps 유선 / HDMI / DVI / USB3.x 5Gbps / 파워서플라이 / 미들타워 / 8.7kg / 용도 : 사무/인강용 / 구성변경상품,0.0,0,1128000,https://img.danawa.com/new/noData/img/noImg_160.gif
타무즈 스트라이커 TZ200B1EDC Wi-Fi Win11Home,i5-12400 / UHD 730 / (인텔) H610 / 윈도우11 / 500W / 인텔 / 코어 12세대 / 코어i5 / 엘더레이크 / DDR4 / 8GB / M.2 / 250GB / INTEL / 1Gbps 유선 / 802.11ac(Wi-Fi 5) 무선 / 블루투스 / USB3.x 5Gbps / 파워서플라이 / 미들타워 / 용도 : 사무/인강용,0.0,0,539520,https://img.danawa.com/new/noData/img/noImg_160.gif
타무즈 TP34,i5-1340P / Iris Xe 그래픽스 / OS미포함 / 인텔 / 코어 13세대 / 코어i5 / 랩터레이크 / DDR5 / 8GB / M.2 / 256GB / 2.5Gbps 유선 / 802.11ax(Wi-Fi 6) 무선 / 블루투스 / 듀얼랜 / HDMI / DP포트 / USB3.x 5Gbps / USB C타입 10Gbps / 베사홀 / DC / 미니PC / 460g / 용도 : 사무/인강용,0.0,0,513700,https://img.danawa.com/new/noData/img/noImg_160.gif
마이피씨샵 25Y 게이밍 마스터 14400F RTX5060,i5-14400F / RTX 5060 / (인텔) H610 / OS미포함 / 600W / 인텔 / 코어 14세대 / 코어i5 / 랩터레이크-R / DDR4 / 16GB / M.2 / 500GB / NVIDIA / 그래픽 메모리 : 8GB / 1Gbps 유선 / HDMI / DP포트 / 파워서플라이 / 미들타워 / LED쿨러 / 용도 : 게임용,0.0,0,966520,https://img.danawa.com/new/noData/img/noImg_160.gif
타무즈 스트라이커 TZ200M1EAC Wi-Fi,i5-14400 / UHD 730 / (인텔) H610 / OS미포함 / 500W / 인텔 / 코어 14세대 / 코어i5 / 랩터레이크-R / DDR4 / 8GB / M.2 / 250GB / INTEL / 1Gbps 유선 / 802.11ac(Wi-Fi 5) 무선 / 블루투스 / HDMI / DP포트 / D-SUB / USB3.x 5Gbps / 파워서플라이 / 미들타워 / 용도 : 사무/인강용,0.0,0,479260,https://img.danawa.com/new/noData/img/noImg_160.gif
한성컴퓨터 슈컴 SF3 A5G,5500GT / 그래픽스 7 / (AMD) A520 / OS미포함 / 500W / AMD / 라이젠 5000시리즈 / 라이젠5 / 세잔 / DDR4 / 16GB / M.2 / 256GB / AMD / 1Gbps 유선 / 파워서플라이 / 미니타워 / 용도 : 사무/인강용,4.8,5,348990,https://img.danawa.com/prod_img/500000/100/508/img/66508100_1.jpg?shrink=130:130&_v=20250611130058
주연테크 긱스타 GAMING 56462,5600 / RTX 4060 / (AMD) B450 / OS미포함 / 600W / AMD / 라이젠 5000시리즈 / 라이젠5 / 버미어 / DDR4 / 32GB / M.2 / 1TB / NVIDIA / 그래픽 메모리 : 8GB / 1Gbps 유선 / HDMI / DP포트 / 파워서플라이 / 미들타워 / 어항형 / LED쿨러 / 용도 : 게임용,4.7,255,896160,https://img.danawa.com/prod_img/500000/352/475/img/72475352_1.jpg?shrink=130:130&_v=20250522160520
STCOM STAI-V136,i5-14400F / RTX 5060 Ti / (인텔) H610 / OS미포함 / 700W / 인텔 / 코어 14세대 / 코어i5 / 랩터레이크-R / DDR4 / 32GB / M.2 / 1TB / NVIDIA / 그래픽 메모리 : 8GB / 1Gbps 유선 / HDMI / DP포트 / 파워서플라이 / 미들타워 / 용도 : 게임용,5.0,1,1119150,https://img.danawa.com/prod_img/500000/555/105/img/92105555_1.jpg?shrink=130:130&_v=20250610125930
주연테크 리오나인터보 CG275F47,7500F / RTX 4070 / (AMD) B650 / OS미포함 / 700W / AMD / 라이젠 7000시리즈 / 라이젠5 / 라파엘 / DDR5 / 16GB / M.2 / 512GB / NVIDIA / 그래픽 메모리 : 12GB / 1Gbps 유선 / HDMI / DP포트 / 파워서플라이 / 미들타워 / LED쿨러 / 용도 : 게임용,0.0,0,1497680,https://img.danawa.com/prod_img/500000/100/761/img/29761100_1.jpg?shrink=130:130&_v=20231103152837
영웅컴퓨터 오피스프로 H5500,5500GT / 그래픽스 7 / (AMD) B450 / OS미포함 / 300W / AMD / 라이젠 5000시리즈 / 라이젠5 / 세잔 / DDR4 / 8GB / M.2 / 256GB / AMD / 1Gbps 유선 / 파워서플라이 / 미니타워 / 용도 : 사무/인강용,0.0,0,324400,https://img.danawa.com/prod_img/500000/339/418/img/61418339_1.jpg?shrink=130:130&_v=20240722092420
영웅컴퓨터 영웅 게이밍울트라 7546 R5 7500F RTX5060,7500F / RTX 5060 / (AMD) A620 / OS미포함 / 600W / AMD / 라이젠 7000시리즈 / 라이젠5 / 라파엘 / DDR5 / 16GB / M.2 / 512GB / NVIDIA / 그래픽 메모리 : 8GB / 1Gbps 유선 / HDMI / DP포트 / 파워서플라이 / 미들타워 / LED쿨러 / 용도 : 게임용,4.9,12,926660,https://img.danawa.com/prod_img/500000/473/804/img/27804473_1.jpg?shrink=130:130&_v=20250730073037
주연테크 리오나인 MARINE D334F46 화이트,i5-13400F / RTX 4060 / (인텔) H610 / OS미포함 / 600W / 인텔 / 코어 13세대 / 코어i5 / 랩터레이크 / DDR5 / 16GB / M.2 / 512GB / NVIDIA / 그래픽 메모리 : 8GB / 1Gbps 유선 / HDMI / DP포트 / 파워서플라이 / 미들타워 / 어항형 / LED쿨러 / 용도 : 게임용,0.0,0,1012920,https://img.danawa.com/prod_img/500000/311/778/img/71778311_1.jpg?shrink=130:130&_v=20241122111548
주연테크 굿워크 D1v12700W 블랙,i7-12700 / UHD 770 / (인텔) H610 / 윈도우11 / 500W / 인텔 / 코어 12세대 / 코어i7 / 엘더레이크 / DDR4 / 8GB / M.2 / 256GB / INTEL / 1Gbps 유선 / 파워서플라이 / 미니타워 / 용도 : 사무/인강용,5.0,1,801640,https://img.danawa.com/prod_img/500000/646/125/img/32125646_1.jpg?shrink=130:130&_v=20240112095448
APPLE 맥미니 M4 MU9E3KH/A,M4 10 core / Mac OS Sequoia / 애플(ARM) / M4시리즈 / M4 / 애플 뉴럴엔진 / 16GB / SSD / 512GB / APPLE / 스피커 내장형 / 1Gbps 유선 / 802.11ax(Wi-Fi 6E) 무선 / 블루투스 / HDMI / DP Alt Mode / USB3.x 10Gbps / USB C타입 40Gbps / USB C타입 10Gbps / 썬더볼트4 / 미니PC / 0.67kg / 용도 : 사무/인강용,5.0,13,1106700,https://img.danawa.com/prod_img/500000/575/152/img/70152575_1.jpg?shrink=130:130&_v=20241127150612
다나와표준PC DPG 게임용 250622,7500F / RTX 5060 / (AMD) B650 / OS미포함 / 750W / AMD / 라이젠 7000시리즈 / 라이젠5 / 라파엘 / DDR5 / 16GB / M.2 / 1TB / NVIDIA / 그래픽 메모리 : 8GB / 1Gbps 유선 / 파워서플라이 / 미들타워 / 수랭쿨러 / LED쿨러 / 용도 : 게임용,0.0,0,1393140,https://img.danawa.com/prod_img/500000/349/768/img/91768349_1.jpg?shrink=130:130&_v=20250813140111
영웅컴퓨터 영웅 울트라게이밍 007 R7 7800X3D RTX5070Ti,7800X3D / RTX 5070 Ti / (AMD) B650 / OS미포함 / 800W / AMD / 라이젠 7000시리즈 / 라이젠7 / 라파엘 / DDR5 / 32GB / M.2 / 1TB / NVIDIA / 그래픽 메모리 : 16GB / 1Gbps 유선 / HDMI / DP포트 / 파워서플라이 / 미들타워 / 어항형 / LED쿨러 / 용도 : 게임용,5.0,8,2330030,https://img.danawa.com/new/noData/img/noImg_160.gif
다나와표준PC 게임용 250816,i5-14400F / RTX 5060 Ti / (인텔) B760 / OS미포함 / 800W / 인텔 / 코어 14세대 / 코어i5 / 랩터레이크-R / DDR5 / 16GB / M.2 / 500GB / NVIDIA / 그래픽 메모리 : 16GB / 1Gbps 유선 / HDMI / DP포트 / 파워서플라이 / 미들타워 / 어항형 / LED쿨러 / 용도 : 게임용,0.0,0,1451810,https://img.danawa.com/new/noData/img/noImg_160.gif
주연테크 굿워크 D1v56G 블랙,5600G / 그래픽스 7 / (AMD) A520 / OS미포함 / 500W / AMD / 라이젠 5000시리즈 / 라이젠5 / 세잔 / DDR4 / 8GB / M.2 / 256GB / AMD / 1Gbps 유선 / 파워서플라이 / 미니타워 / 용도 : 사무/인강용,4.9,163,419000,https://img.danawa.com/new/noData/img/noImg_160.gif
다나와표준PC 게임용 250718,9600X / RX 9060 XT / (AMD) B850 / OS미포함 / 850W / AMD / 라이젠 9000시리즈 / 라이젠5 / 그래니트 릿지 / DDR5 / 16GB / M.2 / 1TB / AMD / 그래픽 메모리 : 16GB / 1Gbps 유선 / 파워서플라이 / 빅타워 / 어항형 / LED쿨러 / 용도 : 게임용,0.0,0,1644740,https://img.danawa.com/new/noData/img/noImg_160.gif
다나와표준PC 게임용 240709,5600 / GTX 1650 / (AMD) B550 / OS미포함 / 600W / AMD / 라이젠 5000시리즈 / 라이젠5 / 버미어 / DDR4 / 16GB / SSD / 240GB / NVIDIA / 그래픽 메모리 : 4GB / 1Gbps 유선 / HDMI / DP포트 / DVI / 파워서플라이 / 미들타워 / 용도 : 게임용,5.0,1,720220,https://img.danawa.com/new/noData/img/noImg_160.gif
한성컴퓨터 슈컴 PRO A7897X,7800X3D / RX 9070 XT / (AMD) B650 / OS미포함 / 850W / AMD / 라이젠 7000시리즈 / 라이젠7 / 라파엘 / DDR5 / 32GB / M.2 / 1TB / AMD / 그래픽 메모리 : 16GB / 1Gbps 유선 / HDMI / DP포트 / 파워서플라이 / 미들타워 / 어항형 / LED쿨러 / 용도 : 게임용,5.0,3,2013650,https://img.danawa.com/new/noData/img/noImg_160.gif
다나와표준PC 전문가용 250925,265K / RTX 5060 Ti / (인텔) B860 / OS미포함 / 1050W / 인텔 / 코어울트라 시리즈2 / 코어 울트라7 / 애로우레이크 / 인텔 AI Boost / 13TOPS / DDR5 / 16GB / M.2 / 1TB / NVIDIA / 그래픽 메모리 : 16GB / 1Gbps 유선 / HDMI / DP포트 / 파워서플라이 / 미들타워 / 어항형 / 수랭쿨러 / LED쿨러 / 용도 : 게임용,0.0,0,2379810,https://img.danawa.com/new/noData/img/noImg_160.gif
포유컴퓨터 퍼포먼스PC 47 R5 7500F RTX5060Ti WIN11,7500F / RTX 5060 Ti / (AMD) B650 / 윈도우11 / 700W / AMD / 라이젠 7000시리즈 / 라이젠5 / 라파엘 / DDR5 / 16GB / M.2 / 500GB / NVIDIA / 1Gbps 유선 / HDMI / DP포트 / 파워서플라이 / 미들타워 / 어항형 / 용도 : 게임용,5.0,2,1315050,https://img.danawa.com/new/noData/img/noImg_160.gif
MSI Cubi N100 ADL Win11Pro,N100 (1.0GHz) / UHD 그래픽스 / 윈도우11 프로 / 인텔 / N-시리즈 / 엘더레이크-N / DDR4 / 4GB / M.2 / 128GB / INTEL / 1Gbps 유선 / 802.11ac(Wi-Fi 5) 무선 / 블루투스 / 듀얼랜 / HDMI / DP포트 / USB3.x 10Gbps / USB3.x 5Gbps / USB C타입 10Gbps / 베사홀 / DC / 미니PC / 550g / 용도 : 사무/인강용,0.0,0,537000,https://img.danawa.com/new/noData/img/noImg_160.gif
PALIT PANDORA JETSON ORIN NX SUPER,A78AE / Ampere GPU / Ubuntu / ARM / Cortex / LPDDR5 / 8GB / M.2 / 128GB / NVIDIA / 1Gbps 유선 / 듀얼랜 / HDMI / USB3.x 10Gbps / USB C타입 10Gbps / DC / 미니PC / 470g,0.0,0,1398970,https://img.danawa.com/new/noData/img/noImg_160.gif
한성컴퓨터 슈컴 PRO A9857T,9800X3D / RTX 5070 Ti / (AMD) B850 / OS미포함 / 850W / AMD / 라이젠 9000시리즈 / 라이젠7 / 그래니트 릿지 / DDR5 / 32GB / M.2 / 1TB / NVIDIA / 그래픽 메모리 : 16GB / 1Gbps 유선 / HDMI / DP포트 / 파워서플라이 / 미들타워 / 어항형 / LED쿨러 / 용도 : 게임용,4.7,7,2567590,https://img.danawa.com/new/noData/img/noImg_160.gif
STCOM STAI-V19,5600 / RX 580 / (AMD) A520 / OS미포함 / 600W / AMD / 라이젠 5000시리즈 / 라이젠5 / 버미어 / DDR4 / 16GB / M.2 / 512GB / AMD / 1Gbps 유선 / 파워서플라이 / 미들타워 / 용도 : 게임용,5.0,3,476580,https://img.danawa.com/new/noData/img/noImg_160.gif
PALIT PANDORA JETSON ORIN NANO SUPER,A78AE / Ampere GPU / Ubuntu / ARM / Cortex / LPDDR5 / 8GB / M.2 / 128GB / NVIDIA / 1Gbps 유선 / 듀얼랜 / HDMI / USB3.x 10Gbps / USB C타입 10Gbps / DC / 미니PC / 470g,0.0,0,1198970,https://img.danawa.com/new/noData/img/noImg_160.gif
다나와표준PC 온라인강의용 250507,i3-12100 / UHD 730 / (인텔) H610 / OS미포함 / 650W / 인텔 / 코어 12세대 / 코어i3 / 엘더레이크 / DDR4 / 16GB / M.2 / 500GB / INTEL / 1Gbps 유선 / 파워서플라이 / 미들타워 / 용도 : 사무/인강용,5.0,2,478770,https://img.danawa.com/new/noData/img/noImg_160.gif
한성컴퓨터 슈컴 SF4 A5G,8600G / 760M / (AMD) A620 / OS미포함 / 500W / AMD / 라이젠 8000시리즈 / 라이젠5 / 피닉스 / AMD 라이젠 AI / 16TOPS / DDR5 / 16GB / M.2 / 512GB / AMD / 1Gbps 유선 / 파워서플라이 / 미니타워 / 용도 : 사무/인강용,5.0,4,548990,https://img.danawa.com/new/noData/img/noImg_160.gif
HP 프로 타워 280 G9R B85M0AT UP1,i7-13700 / UHD 그래픽스 770 / 윈도우11 프로 / 500W / 인텔 / 코어 13세대 / 코어i7 / 랩터레이크 / DDR4 / 16GB / M.2 / 512GB / INTEL / 1Gbps 유선 / HDMI / DP포트 / USB3.x 10Gbps / USB C타입 5Gbps / 시리얼포트 / 파워서플라이 / 미니타워 / 4.7kg / 용도 : 사무/인강용 / 구성변경상품,0.0,0,990000,https://img.danawa.com/new/noData/img/noImg_160.gif
영웅컴퓨터 영웅 H게이밍 2550F 225F RTX5050,225F / RTX 5050 / (인텔) H810 / OS미포함 / 600W / 인텔 / 코어울트라 시리즈2 / 코어 울트라5 / 애로우레이크 / 인텔 AI Boost / 13TOPS / DDR5 / 16GB / M.2 / 512GB / NVIDIA / 그래픽 메모리 : 8GB / 1Gbps 유선 / HDMI / DP포트 / 파워서플라이 / 미들타워 / 어항형 / LED쿨러 / 용도 : 게임용,0.0,0,919900,https://img.danawa.com/new/noData/img/noImg_160.gif
다나와표준PC 게임용 250910,7500F / RX 9060 XT / (AMD) B650 / OS미포함 / 750W / AMD / 라이젠 7000시리즈 / 라이젠5 / 라파엘 / DDR5 / 16GB / M.2 / 1TB / AMD / 그래픽 메모리 : 8GB / 1Gbps 유선 / HDMI / DP포트 / 파워서플라이 / 미들타워 / 어항형 / LED쿨러 / 용도 : 게임용,0.0,0,1356910,https://img.danawa.com/new/noData/img/noImg_160.gif
바이퍼테크 VIP KIO J1900,J1900 (2.0GHz) / HD 그래픽스 / OS미포함 / 인텔 / 셀러론 / 셀러론 / 베이트레일 / DDR3L / 4GB / mSATA / 128GB / INTEL / 1Gbps 유선 / HDMI / D-SUB / USB3.x 5Gbps / 시리얼포트 / 베사홀 / DC / 미니PC / 용도 : 사무/인강용,5.0,1,364990,https://img.danawa.com/prod_img/500000/281/418/img/9418281_1.jpg?shrink=130:130&_v=20190903140101
한성컴퓨터 슈컴 PRO A9656T A16G,9600X / RTX 5060 Ti / (AMD) A620 / OS미포함 / 700W / AMD / 라이젠 9000시리즈 / 라이젠5 / 그래니트 릿지 / DDR5 / 32GB / M.2 / 1TB / NVIDIA / 그래픽 메모리 : 16GB / 1Gbps 유선 / HDMI / DP포트 / 파워서플라이 / 미들타워 / 어항형 / LED쿨러 / 용도 : 게임용,5.0,2,1493690,https://img.danawa.com/prod_img/500000/936/357/img/92357936_1.jpg?shrink=130:130&_v=20250616112958
영웅컴퓨터 영웅 913 게이밍울트라 560TX,5600 / RTX 5060 / (AMD) A520 / OS미포함 / 600W / AMD / 라이젠 5000시리즈 / 라이젠5 / 버미어 / DDR4 / 16GB / M.2 / 500GB / NVIDIA / 그래픽 메모리 : 8GB / 1Gbps 유선 / HDMI / DP포트 / 파워서플라이 / 미들타워 / 어항형 / LED쿨러 / 용도 : 게임용,4.9,103,794630,https://img.danawa.com/prod_img/500000/472/782/img/14782472_1.jpg?shrink=130:130&_v=20250529095749
다나와표준PC 게임용 250612,i3-14100F / RTX 3050 / (인텔) H610 / OS미포함 / 750W / 인텔 / 코어 14세대 / 코어i3 / 랩터레이크-R / DDR5 / 16GB / M.2 / 500GB / NVIDIA / 그래픽 메모리 : 6GB / 1Gbps 유선 / 파워서플라이 / 미들타워 / 어항형 / LED쿨러 / 용도 : 게임용,0.0,0,790770,https://img.danawa.com/prod_img/500000/431/767/img/91767431_1.jpg?shrink=130:130&_v=20250801090226
다나와표준PC 게임용 231015,7500F / RTX 4060 / (AMD) A620 / OS미포함 / 600W / AMD / 라이젠 7000시리즈 / 라이젠5 / 라파엘 / DDR5 / 16GB / M.2 / 500GB / NVIDIA / 그래픽 메모리 : 8GB / 1Gbps 유선 / HDMI / DP포트 / 파워서플라이 / 미들타워 / 용도 : 게임용,4.9,15,1013030,https://img.danawa.com/prod_img/500000/114/499/img/28499114_1.jpg?shrink=130:130&_v=20240205082754
STCOM STAI-V66,i5-12400F / RX 580 / (인텔) H610 / OS미포함 / 600W / 인텔 / 코어 12세대 / 코어i5 / 엘더레이크 / DDR4 / 32GB / M.2 / 1TB / AMD / 1Gbps 유선 / 파워서플라이 / 미들타워 / 용도 : 게임용,5.0,6,595360,https://img.danawa.com/prod_img/500000/337/252/img/79252337_1.jpg?shrink=130:130&_v=20250404131509
영웅컴퓨터 영웅 게이밍울트라 7556G,7500F / RTX 5060 / (AMD) A620 / OS미포함 / 600W / AMD / 라이젠 7000시리즈 / 라이젠5 / 라파엘 / DDR5 / 16GB / M.2 / 500GB / NVIDIA / 그래픽 메모리 : 8GB / 1Gbps 유선 / HDMI / DP포트 / 파워서플라이 / 미들타워 / 어항형 / LED쿨러 / 용도 : 게임용,5.0,2,940520,https://img.danawa.com/prod_img/500000/497/642/img/48642497_1.jpg?shrink=130:130&_v=20250602080656
한성컴퓨터 슈컴 PRO A7857V,7800X3D / RTX 5070 Ti / (AMD) B650 / OS미포함 / 850W / AMD / 라이젠 7000시리즈 / 라이젠7 / 라파엘 / DDR5 / 32GB / M.2 / 1TB / NVIDIA / 그래픽 메모리 : 16GB / 1Gbps 유선 / HDMI / DP포트 / 파워서플라이 / 미들타워 / 어항형 / LED쿨러 / 용도 : 게임용,4.2,14,2220330,https://img.danawa.com/prod_img/500000/577/017/img/77017577_1.jpg?shrink=130:130&_v=20250616104907
MSI MAG 인피니트 E1 14NUC i5 RTX5060,i5-14400F / RTX 5060 / (인텔) H610 / OS미포함 / 500W / 인텔 / 코어 14세대 / 코어i5 / 랩터레이크-R / DDR5 / 32GB / M.2 / 1TB / NVIDIA / 그래픽 메모리 : 8GB / 7.1채널 / 1Gbps 유선 / 802.11ax(Wi-Fi 6E) 무선 / 블루투스 / HDMI / DP포트 / USB3.x 5Gbps / USB C타입 5Gbps / 파워서플라이 / 미들타워 / 7.59kg / 용도 : 게임용 / Mystic Light,0.0,0,1323390,https://img.danawa.com/prod_img/500000/385/633/img/91633385_1.jpg?shrink=130:130&_v=20250620102520
한성컴퓨터 슈컴 PRO A7857T PBM,7800X3D / RTX 5070 Ti / (AMD) B850 / OS미포함 / 850W / AMD / 라이젠 7000시리즈 / 라이젠7 / 라파엘 / DDR5 / 32GB / M.2 / 1TB / NVIDIA / 그래픽 메모리 : 16GB / 1Gbps 유선 / HDMI / DP포트 / 파워서플라이 / 미들타워 / LED쿨러 / 용도 : 게임용,4.9,20,2307070,https://img.danawa.com/prod_img/500000/119/235/img/92235119_1.jpg?shrink=130:130&_v=20250613135626
영웅컴퓨터 영웅 게이밍ZE 006,i5-12400F / RTX 3050 / (인텔) H610 / OS미포함 / 600W / 인텔 / 코어 12세대 / 코어i5 / 엘더레이크 / DDR4 / 16GB / M.2 / 256GB / NVIDIA / 그래픽 메모리 : 6GB / 1Gbps 유선 / HDMI / DP포트 / DVI / 파워서플라이 / 미들타워 / LED쿨러 / 용도 : 게임용,4.9,35,624970,https://img.danawa.com/prod_img/500000/624/132/img/17132624_1.jpg?shrink=130:130&_v=20241106155848
영웅컴퓨터 영웅 게이밍울트라 7856 R7 7800X3D RTX5060,7800X3D / RTX 5060 / (AMD) A620 / OS미포함 / 700W / AMD / 라이젠 7000시리즈 / 라이젠7 / 라파엘 / DDR5 / 32GB / M.2 / 1TB / NVIDIA / 그래픽 메모리 : 8GB / 1Gbps 유선 / HDMI / DP포트 / 파워서플라이 / 미들타워 / 어항형 / LED쿨러 / 용도 : 게임용,0.0,0,1365240,https://img.danawa.com/prod_img/500000/654/420/img/95420654_1.jpg?shrink=130:130&_v=20250807100122
한성컴퓨터 슈컴 PRO A7857M,7800X3D / RTX 5070 / (AMD) B850 / OS미포함 / 800W / AMD / 라이젠 7000시리즈 / 라이젠7 / 라파엘 / DDR5 / 32GB / M.2 / 1TB / NVIDIA / 그래픽 메모리 : 12GB / 1Gbps 유선 / HDMI / DP포트 / 파워서플라이 / 미들타워 / 어항형 / LED쿨러 / 용도 : 게임용,4.7,9,1832780,https://img.danawa.com/new/noData/img/noImg_160.gif
주연테크 굿워크 D1v12400 블랙,i5-12400 / UHD 730 / (인텔) H610 / OS미포함 / 500W / 인텔 / 코어 12세대 / 코어i5 / 엘더레이크 / DDR4 / 8GB / M.2 / 256GB / INTEL / 1Gbps 유선 / 파워서플라이 / 미니타워 / 용도 : 사무/인강용,4.5,14,519000,https://img.danawa.com/new/noData/img/noImg_160.gif
한성컴퓨터 슈컴 PRO A9897M,9800X3D / RX 9070 XT / (AMD) B850 / OS미포함 / 850W / AMD / 라이젠 9000시리즈 / 라이젠7 / 그래니트 릿지 / DDR5 / 32GB / M.2 / 1TB / AMD / 그래픽 메모리 : 16GB / 1Gbps 유선 / HDMI / DP포트 / 파워서플라이 / 미들타워 / 어항형 / LED쿨러 / 용도 : 게임용,0.0,0,2380280,https://img.danawa.com/new/noData/img/noImg_160.gif
주연테크 굿워크 D1v12100 블랙,i3-12100 / UHD 730 / (인텔) H610 / OS미포함 / 300W / 인텔 / 코어 12세대 / 코어i3 / 엘더레이크 / DDR4 / 8GB / M.2 / 256GB / INTEL / 1Gbps 유선 / 파워서플라이 / 미니타워 / 용도 : 사무/인강용,4.4,7,439000,https://img.danawa.com/new/noData/img/noImg_160.gif
다나와표준PC 게임용 250909,7500F / RTX 5050 / (AMD) B650 / OS미포함 / 700W / AMD / 라이젠 7000시리즈 / 라이젠5 / 라파엘 / DDR5 / 16GB / M.2 / 512GB / NVIDIA / 그래픽 메모리 : 8GB / 1Gbps 유선 / HDMI / DP포트 / 파워서플라이 / 미들타워 / 어항형 / LED쿨러 / 용도 : 게임용,0.0,0,1055600,https://img.danawa.com/new/noData/img/noImg_160.gif
주연테크 긱스타 GAMING 75F56T2,7500F / RTX 5060 Ti / (AMD) B650 / OS미포함 / 800W / AMD / 라이젠 7000시리즈 / 라이젠5 / 라파엘 / DDR5 / 32GB / M.2 / 1TB / NVIDIA / 그래픽 메모리 : 16GB / 1Gbps 유선 / HDMI / DP포트 / 파워서플라이 / 미들타워 / 어항형 / LED쿨러 / 용도 : 게임용,5.0,17,1264330,https://img.danawa.com/new/noData/img/noImg_160.gif
ASRock DeskMini X300 5600G 120W M.2 대원씨티에스,5600G / 그래픽스 7 / (AMD) X300 / OS미포함 / AMD / 라이젠 5000시리즈 / 라이젠5 / 세잔 / DDR4 / 8GB / M.2 / 128GB / AMD / 1Gbps 유선 / HDMI / DP포트 / D-SUB / USB3.x 5Gbps / USB C타입 5Gbps / 베사홀 / DC / 미니PC / 용도 : 사무/인강용,0.0,0,429000,https://img.danawa.com/new/noData/img/noImg_160.gif
타무즈 QN10 M.2,N100 (1.0GHz) / UHD 그래픽스 / OS미포함 / 인텔 / N-시리즈 / 엘더레이크-N / DDR5 / 8GB / M.2 / 256GB / INTEL / 2.5Gbps 유선 / 802.11ac(Wi-Fi 5) 무선 / 블루투스 / 듀얼랜 / HDMI / USB3.x 5Gbps / USB C타입 10Gbps / DC / 미니PC / 345g / 용도 : 사무/인강용 / TF Card Slot / 캔싱턴락 Slot,0.0,0,265770,https://img.danawa.com/new/noData/img/noImg_160.gif
다나와표준PC ULTIMAKE AMD-R9900X-5080,9900X / RTX 5080 / (AMD) X870E / OS미포함 / 1050W / AMD / 라이젠 9000시리즈 / 라이젠9 / 그래니트 릿지 / DDR5 / 64GB / M.2 / 1TB / NVIDIA / 그래픽 메모리 : 16GB / 1Gbps 유선 / 파워서플라이 / 미들타워 / 어항형 / 수랭쿨러 / LED쿨러 / 용도 : 게임용,0.0,0,4497470,https://img.danawa.com/new/noData/img/noImg_160.gif
다나와표준PC 전문가용 250825,265K / RTX 5080 / (인텔) B860 / OS미포함 / 850W / 인텔 / 코어울트라 시리즈2 / 코어 울트라7 / 애로우레이크 / 인텔 AI Boost / 13TOPS / DDR5 / 16GB / M.2 / 512GB / NVIDIA / 그래픽 메모리 : 16GB / 1Gbps 유선 / 파워서플라이 / 미들타워 / 어항형 / 수랭쿨러 / LED쿨러 / 용도 : 게임용,0.0,0,3768570,https://img.danawa.com/new/noData/img/noImg_160.gif
주연테크 긱스타 GAMING 96X57Z,9600X / RTX 5070 / (AMD) B650 / OS미포함 / 800W / AMD / 라이젠 9000시리즈 / 라이젠5 / 그래니트 릿지 / DDR5 / 32GB / M.2 / 1TB / NVIDIA / 그래픽 메모리 : 12GB / 1Gbps 유선 / HDMI / DP포트 / 파워서플라이 / 미들타워 / 어항형 / LED쿨러 / 용도 : 게임용,4.4,7,1678280,https://img.danawa.com/new/noData/img/noImg_160.gif
주연테크 굿워크 D2v12400,i5-12400 / UHD 730 / (인텔) H610 / OS미포함 / 500W / 인텔 / 코어 12세대 / 코어i5 / 엘더레이크 / DDR4 / 8GB / M.2 / 256GB / INTEL / 1Gbps 유선 / 파워서플라이 / 미들타워 / 용도 : 사무/인강용,0.0,0,489000,https://img.danawa.com/new/noData/img/noImg_160.gif
주연테크 굿워크 D2v12100,i3-12100 / UHD 730 / (인텔) H610 / OS미포함 / 500W / 인텔 / 코어 12세대 / 코어i3 / 엘더레이크 / DDR4 / 8GB / M.2 / 256GB / INTEL / 1Gbps 유선 / 파워서플라이 / 미들타워 / 용도 : 사무/인강용,0.0,0,459000,https://img.danawa.com/new/noData/img/noImg_160.gif
영웅컴퓨터 영웅 H게이밍 4757 i7-14700F RTX5070,i7-14700F / RTX 5070 / (인텔) B760 / OS미포함 / 700W / 인텔 / 코어 14세대 / 코어i7 / 랩터레이크-R / DDR5 / 32GB / M.2 / 1TB / NVIDIA / 그래픽 메모리 : 12GB / 1Gbps 유선 / HDMI / DP포트 / 파워서플라이 / 미들타워 / 어항형 / LED쿨러 / 용도 : 게임용,0.0,0,1713420,https://img.danawa.com/new/noData/img/noImg_160.gif
주연테크 굿워크 D1v55G 블랙,5500GT / 그래픽스 7 / (AMD) B450 / OS미포함 / 500W / AMD / 라이젠 5000시리즈 / 라이젠5 / 세잔 / DDR4 / 8GB / M.2 / 256GB / AMD / 1Gbps 유선 / 파워서플라이 / 미들타워 / 용도 : 사무/인강용,5.0,1,396470,https://img.danawa.com/new/noData/img/noImg_160.gif
다나와표준PC 게임용 250818,7800X3D / RX 9070 XT / (AMD) B850 / OS미포함 / 850W / AMD / 라이젠 7000시리즈 / 라이젠7 / 라파엘 / DDR5 / 16GB / M.2 / 1TB / AMD / 그래픽 메모리 : 16GB / 1Gbps 유선 / HDMI / DP포트 / 파워서플라이 / 빅타워 / 어항형 / LED쿨러 / 용도 : 게임용,0.0,0,2374440,https://img.danawa.com/new/noData/img/noImg_160.gif
주연테크 긱스타 GAMING 98X97XT,9800X3D / RX 9070 XT / (AMD) B850 / OS미포함 / 1000W / AMD / 라이젠 9000시리즈 / 라이젠7 / 그래니트 릿지 / DDR5 / 32GB / M.2 / 1TB / AMD / 그래픽 메모리 : 16GB / 2.5Gbps 유선 / 802.11ax(Wi-Fi 6E) 무선 / 블루투스 / HDMI / DP포트 / 파워서플라이 / 미들타워 / 어항형 / LED쿨러 / 용도 : 게임용,5.0,7,2333790,https://img.danawa.com/new/noData/img/noImg_160.gif
한성컴퓨터 슈컴 PRO A9696X B,9600X / RX 9060 XT / (AMD) B650 / OS미포함 / 600W / AMD / 라이젠 9000시리즈 / 라이젠5 / 그래니트 릿지 / DDR5 / 32GB / M.2 / 1TB / AMD / 그래픽 메모리 : 8GB / 1Gbps 유선 / HDMI / DP포트 / 파워서플라이 / 미들타워 / 어항형 / LED쿨러 / 용도 : 게임용,0.0,0,1197700,https://img.danawa.com/new/noData/img/noImg_160.gif
주연테크 굿워크 D1v12400 화이트,i5-12400 / UHD 730 / (인텔) H610 / OS미포함 / 500W / 인텔 / 코어 12세대 / 코어i5 / 엘더레이크 / DDR4 / 8GB / M.2 / 256GB / INTEL / 1Gbps 유선 / 파워서플라이 / 미니타워 / 용도 : 사무/인강용,4.6,3,469000,https://img.danawa.com/prod_img/500000/376/125/img/32125376_1.jpg?shrink=130:130&_v=20240112093053
영웅컴퓨터 영웅 울트라게이밍 U7265 265KF RTX5070Ti,265KF / RTX 5070 Ti / (인텔) B860 / OS미포함 / 800W / 인텔 / 코어울트라 시리즈2 / 코어 울트라7 / 애로우레이크 / 인텔 AI Boost / 13TOPS / DDR5 / 32GB / M.2 / 1TB / NVIDIA / 그래픽 메모리 : 16GB / 1Gbps 유선 / HDMI / DP포트 / 파워서플라이 / 미들타워 / 어항형 / 수랭쿨러 / 용도 : 게임용,5.0,2,2341720,https://img.danawa.com/prod_img/500000/382/333/img/70333382_1.jpg?shrink=130:130&_v=20250625083645
영웅컴퓨터 영웅 게이밍울트라 7856T R7 7800X3D RTX5060Ti,7800X3D / RTX 5060 Ti / (AMD) A620 / OS미포함 / 750W / AMD / 라이젠 7000시리즈 / 라이젠7 / 라파엘 / DDR5 / 32GB / M.2 / 1TB / NVIDIA / 그래픽 메모리 : 8GB / 1Gbps 유선 / HDMI / DP포트 / 파워서플라이 / 미들타워 / 어항형 / LED쿨러 / 용도 : 게임용,0.0,0,1474990,https://img.danawa.com/prod_img/500000/544/042/img/91042544_1.jpg?shrink=130:130&_v=20250704124534
주연테크 굿워크 D1v12100 화이트,i3-12100 / UHD 730 / (인텔) H610 / OS미포함 / 300W / 인텔 / 코어 12세대 / 코어i3 / 엘더레이크 / DDR4 / 8GB / M.2 / 256GB / INTEL / 1Gbps 유선 / 파워서플라이 / 미니타워 / 용도 : 사무/인강용,4.3,6,439000,https://img.danawa.com/prod_img/500000/839/124/img/32124839_1.jpg?shrink=130:130&_v=20250617162402
다나와표준PC 게임용 250520,265F / RTX 5070 / (인텔) B860 / OS미포함 / 850W / 인텔 / 코어울트라 시리즈2 / 코어 울트라7 / 애로우레이크 / 인텔 AI Boost / 13TOPS / DDR5 / 16GB / M.2 / 1TB / NVIDIA / 그래픽 메모리 : 12GB / 1Gbps 유선 / 파워서플라이 / 미들타워 / 수랭쿨러 / LED쿨러 / 용도 : 게임용,5.0,1,2104670,https://img.danawa.com/prod_img/500000/328/863/img/89863328_1.jpg?shrink=130:130&_v=20250701081948
한성컴퓨터 슈컴 PRO A9756T 16G,9700X / RTX 5060 Ti / (AMD) B650 / OS미포함 / 700W / AMD / 라이젠 9000시리즈 / 라이젠7 / 그래니트 릿지 / DDR5 / 32GB / M.2 / 1TB / NVIDIA / 그래픽 메모리 : 16GB / 1Gbps 유선 / HDMI / DP포트 / 파워서플라이 / 미들타워 / 어항형 / LED쿨러 / 용도 : 게임용,0.0,0,1587390,https://img.danawa.com/prod_img/500000/407/520/img/95520407_1.jpg?shrink=130:130&_v=20250808100905
주연테크 긱스타 GAMING 96X56T2,9600X / RTX 5060 Ti / (AMD) B650 / OS미포함 / 800W / AMD / 라이젠 9000시리즈 / 라이젠5 / 그래니트 릿지 / DDR5 / 32GB / M.2 / 1TB / NVIDIA / 그래픽 메모리 : 16GB / 1Gbps 유선 / HDMI / DP포트 / 파워서플라이 / 미들타워 / 어항형 / LED쿨러 / 용도 : 게임용,5.0,2,1490000,https://img.danawa.com/prod_img/500000/473/100/img/86100473_1.jpg?shrink=130:130&_v=20250421154622
STCOM STAI-V71,i5-14400F / RX 7600 / (인텔) H610 / OS미포함 / 600W / 인텔 / 코어 14세대 / 코어i5 / 랩터레이크-R / DDR4 / 16GB / M.2 / 512GB / AMD / 1Gbps 유선 / 파워서플라이 / 미들타워 / 용도 : 게임용,0.0,0,845320,https://img.danawa.com/prod_img/500000/577/252/img/79252577_1.jpg?shrink=130:130&_v=20250404132704
한성컴퓨터 슈컴 PRO A9857TB,9800X3D / RTX 5070 Ti / (AMD) B850 / OS미포함 / 850W / AMD / 라이젠 9000시리즈 / 라이젠7 / 그래니트 릿지 / DDR5 / 32GB / M.2 / 1TB / NVIDIA / 그래픽 메모리 : 16GB / 1Gbps 유선 / HDMI / DP포트 / 파워서플라이 / 미들타워 / 어항형 / LED쿨러 / 용도 : 게임용,5.0,3,2573000,https://img.danawa.com/prod_img/500000/676/521/img/95521676_1.jpg?shrink=130:130&_v=20250808114815
MSI MPG 인피니트 Z3 9900X RTX 5080 AI 게이밍,9900X / RTX 5080 / (AMD) B850 / OS미포함 / 850W / AMD / 라이젠 9000시리즈 / 라이젠9 / 그래니트 릿지 / DDR5 / 32GB / M.2 / 1TB / NVIDIA / 그래픽 메모리 : 16GB / 7.1채널 / 5Gbps 유선 / 802.11ax(Wi-Fi 6E) 무선 / 블루투스 / HDMI / USB3.x 10Gbps / USB3.x 5Gbps / USB C타입 10Gbps / USB C타입 5Gbps / 파워서플라이 / 미들타워 / LED쿨러 / 4kg ~ 7kg / 용도 : 게임용,0.0,0,3948870,https://img.danawa.com/prod_img/500000/657/520/img/94520657_1.jpg?shrink=130:130&_v=20250814143553
한성컴퓨터 슈컴 PRO A9657T,9600X / RTX 5070 Ti / (AMD) B650 / OS미포함 / 850W / AMD / 라이젠 9000시리즈 / 라이젠5 / 그래니트 릿지 / DDR5 / 32GB / M.2 / 1TB / NVIDIA / 그래픽 메모리 : 16GB / 1Gbps 유선 / HDMI / DP포트 / 파워서플라이 / 미들타워 / 어항형 / LED쿨러 / 용도 : 게임용,4.6,3,2078990,https://img.danawa.com/prod_img/500000/250/425/img/95425250_1.jpg?shrink=130:130&_v=20250807162525
다나와표준PC 게임용 250512,i3-14100F / RTX 3050 / (인텔) H610 / OS미포함 / 800W / 인텔 / 코어 14세대 / 코어i3 / 랩터레이크-R / DDR5 / 16GB / M.2 / 512GB / NVIDIA / 그래픽 메모리 : 6GB / 1Gbps 유선 / 파워서플라이 / 미들타워 / 어항형 / LED쿨러 / 용도 : 게임용,0.0,0,831320,https://img.danawa.com/prod_img/500000/434/862/img/89862434_1.jpg?shrink=130:130&_v=20250502104235
다나와표준PC 전문가용 250727,285K / RTX 5080 / (인텔) Z890 / OS미포함 / 1000W / 인텔 / 코어울트라 시리즈2 / 코어 울트라9 / 애로우레이크 / 인텔 AI Boost / 13TOPS / DDR5 / 16GB / HDD:4TB / M.2 / 512GB / NVIDIA / 그래픽 메모리 : 16GB / 1Gbps 유선 / 파워서플라이 / 미들타워 / 어항형 / 수랭쿨러 / LED쿨러 / 용도 : 게임용,0.0,0,4426210,https://img.danawa.com/new/noData/img/noImg_160.gif
다나와표준PC ULTIMAKE ULT-I400F-4060,i5-14400F / RTX 4060 / (인텔) B760 / OS미포함 / 700W / 인텔 / 코어 14세대 / 코어i5 / 랩터레이크-R / DDR4 / 16GB / M.2 / 500GB / NVIDIA / 그래픽 메모리 : 8GB / 1Gbps 유선 / HDMI / DP포트 / 파워서플라이 / 미들타워 / 용도 : 게임용,0.0,0,1336560,https://img.danawa.com/new/noData/img/noImg_160.gif
다나와표준PC 게임용 250519,9800X3D / RTX 5070 / (AMD) B850 / OS미포함 / 850W / AMD / 라이젠 9000시리즈 / 라이젠7 / 그래니트 릿지 / DDR5 / 16GB / M.2 / 1TB / NVIDIA / 그래픽 메모리 : 12GB / 1Gbps 유선 / 파워서플라이 / 미들타워 / 어항형 / 수랭쿨러 / LED쿨러 / 용도 : 게임용,0.0,0,2602780,https://img.danawa.com/new/noData/img/noImg_160.gif
주연테크 긱스타 GAMING 75F57Z,7500F / RTX 5070 / (AMD) B650 / OS미포함 / 800W / AMD / 라이젠 7000시리즈 / 라이젠5 / 라파엘 / DDR5 / 32GB / M.2 / 1TB / NVIDIA / 그래픽 메모리 : 12GB / 1Gbps 유선 / HDMI / DP포트 / 파워서플라이 / 미들타워 / 어항형 / LED쿨러 / 용도 : 게임용,5.0,13,1504980,https://img.danawa.com/new/noData/img/noImg_160.gif
STCOM STAI-V127 Win11Home,9800X3D / RTX 5080 / (AMD) X870 / 윈도우11 / 1000W / AMD / 라이젠 9000시리즈 / 라이젠7 / 그래니트 릿지 / DDR5 / 32GB / M.2 / 1TB / NVIDIA / 1Gbps 유선 / HDMI / DP포트 / 파워서플라이 / 미들타워 / 어항형 / 용도 : 게임용,0.0,0,3749990,https://img.danawa.com/new/noData/img/noImg_160.gif
한성컴퓨터 슈컴 Master A9559,9950X3D / RTX 5090 / (AMD) X870E / OS미포함 / 1100W / AMD / 라이젠 9000시리즈 / 라이젠9 / 그래니트 릿지 / DDR5 / 32GB / M.2 / 1TB / NVIDIA / 그래픽 메모리 : 32GB / 1Gbps 유선 / HDMI / DP포트 / 파워서플라이 / 빅타워 / LED쿨러 / 용도 : 게임용,0.0,0,7358990,https://img.danawa.com/new/noData/img/noImg_160.gif
한성컴퓨터 슈컴 Expert A9858A,9800X3D / RTX 5080 / (AMD) B850 / OS미포함 / 850W / AMD / 라이젠 9000시리즈 / 라이젠7 / 그래니트 릿지 / DDR5 / 32GB / M.2 / 1TB / NVIDIA / 그래픽 메모리 : 16GB / 1Gbps 유선 / HDMI / DP포트 / 파워서플라이 / 미들타워 / 어항형 / LED쿨러 / 용도 : 게임용,0.0,0,3228990,https://img.danawa.com/new/noData/img/noImg_160.gif
다나와표준PC DPG 게임용 250521,i5-14600KF / RTX 5060 Ti / (인텔) B760 / OS미포함 / 850W / 인텔 / 코어 14세대 / 코어i5 / 랩터레이크-R / DDR5 / 16GB / M.2 / 1TB / NVIDIA / 그래픽 메모리 : 16GB / 1Gbps 유선 / 파워서플라이 / 미들타워 / LED쿨러 / 용도 : 게임용,0.0,0,1643780,https://img.danawa.com/new/noData/img/noImg_160.gif
다나와표준PC 전문가용 250227,265KF / RTX 4060 Ti / (인텔) Z890 / OS미포함 / 850W / 인텔 / 코어울트라 시리즈2 / 코어 울트라7 / 애로우레이크 / 인텔 AI Boost / 13TOPS / DDR5 / 32GB / HDD:4TB / M.2 / 1TB / NVIDIA / 그래픽 메모리 : 8GB / 2.5Gbps 유선 / 802.11be(Wi-Fi 7) 무선 / 블루투스 / HDMI / DP포트 / 파워서플라이 / 미들타워 / 어항형 / 수랭쿨러 / LED쿨러,0.0,0,2711090,https://img.danawa.com/new/noData/img/noImg_160.gif
한성컴퓨터 슈컴 PRO A7556T 16G,7500F / RTX 5060 Ti / (AMD) B650 / OS미포함 / 700W / AMD / 라이젠 7000시리즈 / 라이젠5 / 라파엘 / DDR5 / 32GB / M.2 / 1TB / NVIDIA / 그래픽 메모리 : 16GB / 1Gbps 유선 / HDMI / DP포트 / 파워서플라이 / 미들타워 / 어항형 / LED쿨러 / 용도 : 게임용,5.0,1,1335730,https://img.danawa.com/new/noData/img/noImg_160.gif
영웅컴퓨터 영웅 울트라게이밍 T7265 265KF RTX5080,265KF / RTX 5080 / (인텔) B860 / OS미포함 / 900W / 인텔 / 코어울트라 시리즈2 / 코어 울트라7 / 애로우레이크 / 인텔 AI Boost / 13TOPS / DDR5 / 32GB / M.2 / 1TB / NVIDIA / 그래픽 메모리 : 16GB / 1Gbps 유선 / HDMI / DP포트 / 파워서플라이 / 미들타워 / 어항형 / 수랭쿨러 / LED쿨러 / 용도 : 게임용,5.0,1,2814400,https://img.danawa.com/new/noData/img/noImg_160.gif
다나와표준PC ULTIMAKE ULT-I500-ON,i5-14500 / UHD 그래픽스 730 / (인텔) H610 / OS미포함 / 600W / 인텔 / 코어 14세대 / 코어i5 / 랩터레이크-R / DDR4 / 8GB / SSD / 240GB / INTEL / 1Gbps 유선 / 파워서플라이 / 미들타워 / 용도 : 사무/인강용,0.0,0,743120,https://img.danawa.com/new/noData/img/noImg_160.gif
다나와표준PC 전문가용 240725,i7-14700KF / RTX 4060 / (인텔) B760 / OS미포함 / 750W / 인텔 / 코어 14세대 / 코어i7 / 랩터레이크-R / DDR5 / 16GB / M.2 / 1TB / NVIDIA / 그래픽 메모리 : 8GB / 1Gbps 유선 / HDMI / DP포트 / 파워서플라이 / 미들타워 / 수랭쿨러,0.0,0,1759370,https://img.danawa.com/new/noData/img/noImg_160.gif
영웅컴퓨터 영웅 게이밍울트라 7557 R5 7500F RTX5070,7500F / RTX 5070 / (AMD) A620 / OS미포함 / 750W / AMD / 라이젠 7000시리즈 / 라이젠5 / 라파엘 / DDR5 / 32GB / M.2 / 1TB / NVIDIA / 그래픽 메모리 : 12GB / 1Gbps 유선 / HDMI / DP포트 / 파워서플라이 / 미들타워 / 어항형 / LED쿨러 / 용도 : 게임용,4.7,8,1438770,https://img.danawa.com/new/noData/img/noImg_160.gif
STCOM STAI-V81,i5-14400F / RX 9070 XT / (인텔) B760 / OS미포함 / 800W / 인텔 / 코어 14세대 / 코어i5 / 랩터레이크-R / DDR5 / 32GB / M.2 / 1TB / AMD / 1Gbps 유선 / 파워서플라이 / 미들타워 / 용도 : 게임용,0.0,0,1690660,https://img.danawa.com/new/noData/img/noImg_160.gif
다나와표준PC 온라인강의용 241005,5500GT / 그래픽스 7 / (AMD) A520 / OS미포함 / 600W / AMD / 라이젠 5000시리즈 / 라이젠5 / 세잔 / DDR4 / 8GB / M.2 / 256GB / AMD / 1Gbps 유선 / 파워서플라이 / 미니타워 / 어항형 / LED쿨러 / 용도 : 사무/인강용,0.0,0,390300,https://img.danawa.com/new/noData/img/noImg_160.gif
주연테크 긱스타 GAMING 98X57T,9800X3D / RTX 5070 Ti / (AMD) B650 / OS미포함 / 850W / AMD / 라이젠 9000시리즈 / 라이젠7 / 그래니트 릿지 / DDR5 / 32GB / M.2 / 1TB / NVIDIA / 그래픽 메모리 : 16GB / 1Gbps 유선 / HDMI / DP포트 / 파워서플라이 / 미들타워 / 어항형 / 수랭쿨러 / LED쿨러 / 용도 : 게임용,4.4,7,2401140,https://img.danawa.com/new/noData/img/noImg_160.gif
영웅컴퓨터 영웅 H게이밍 4457 i5-14400F RTX5070,i5-14400F / RTX 5070 / (인텔) B760 / OS미포함 / 700W / 인텔 / 코어 14세대 / 코어i5 / 랩터레이크-R / DDR5 / 32GB / M.2 / 1TB / NVIDIA / 그래픽 메모리 : 12GB / 1Gbps 유선 / HDMI / DP포트 / 파워서플라이 / 미들타워 / 어항형 / LED쿨러 / 용도 : 게임용,5.0,3,1441790,https://img.danawa.com/new/noData/img/noImg_160.gif
다나와표준PC 게임용 231120,i7-13700KF / RTX 4060 Ti / (인텔) B760 / OS미포함 / 700W / 인텔 / 코어 13세대 / 코어i7 / 랩터레이크 / DDR5 / 32GB / M.2 / 500GB / NVIDIA / 그래픽 메모리 : 8GB / 1Gbps 유선 / 802.11ax(Wi-Fi 6) 무선 / 블루투스 / HDMI / DP포트 / 파워서플라이 / 미들타워 / 용도 : 게임용,0.0,0,1807420,https://img.danawa.com/new/noData/img/noImg_160.gif
다나와표준PC 게임용 241009,5600 / GTX 1650 / (AMD) B550 / OS미포함 / 600W / AMD / 라이젠 5000시리즈 / 라이젠5 / 버미어 / DDR4 / 16GB / M.2 / 256GB / NVIDIA / 그래픽 메모리 : 4GB / 1Gbps 유선 / HDMI / DP포트 / DVI / 파워서플라이 / 미들타워 / LED쿨러 / 용도 : 게임용,0.0,0,798310,https://img.danawa.com/new/noData/img/noImg_160.gif
다나와표준PC 홈/오피스용 250901,3200G / Vega 8 / (AMD) B450 / OS미포함 / 500W / AMD / 라이젠 3000시리즈 / 라이젠3 / 피카소 / DDR4 / 8GB / M.2 / 256GB / AMD / 1Gbps 유선 / 파워서플라이 / 미들타워 / 어항형 / LED쿨러 / 용도 : 사무/인강용,0.0,0,348990,https://img.danawa.com/prod_img/500000/242/852/img/96852242_1.jpg?shrink=130:130&_v=20250829095706
STCOM STAI-V185 Win11Home,7500F / RX 9060 / (AMD) A620 / 윈도우11 / 600W / AMD / 라이젠 7000시리즈 / 라이젠5 / 라파엘 / DDR5 / 32GB / M.2 / 1TB / AMD / 그래픽 메모리 : 8GB / 1Gbps 유선 / HDMI / DP포트 / 파워서플라이 / 미들타워 / 용도 : 게임용,0.0,0,1281990,https://img.danawa.com/prod_img/500000/637/932/img/95932637_1.jpg?shrink=130:130&_v=20250812162615
한성컴퓨터 슈컴 PRO A7897S,7800X3D / RTX 5070 / (AMD) B650 / OS미포함 / 850W / AMD / 라이젠 7000시리즈 / 라이젠7 / 라파엘 / DDR5 / 32GB / M.2 / 1TB / AMD / 그래픽 메모리 : 12GB / 1Gbps 유선 / HDMI / DP포트 / 파워서플라이 / 미들타워 / 어항형 / LED쿨러 / 용도 : 게임용,4.4,7,1998520,https://img.danawa.com/prod_img/500000/036/357/img/92357036_1.jpg?shrink=130:130&_v=20250805101321
다나와표준PC 전문가용 250928,9950X3D / RTX 5080 / (AMD) X870E / OS미포함 / 1200W / AMD / 라이젠 9000시리즈 / 라이젠9 / 그래니트 릿지 / DDR5 / 32GB / HDD:4TB / M.2 / 1TB / NVIDIA / 그래픽 메모리 : 16GB / 1Gbps 유선 / HDMI / DP포트 / 파워서플라이 / 미들타워 / 어항형 / 수랭쿨러 / LED쿨러 / 용도 : 게임용,0.0,0,4989140,https://img.danawa.com/prod_img/500000/356/855/img/96855356_1.jpg?shrink=130:130&_v=20250829150533
다나와표준PC 온라인강의용 250905,8600G / 760M / (AMD) B650 / OS미포함 / 700W / AMD / 라이젠 8000시리즈 / 라이젠5 / 피닉스 / DDR5 / 16GB / SSD / 240GB / AMD / 1Gbps 유선 / 파워서플라이 / 미들타워 / LED쿨러 / 용도 : 게임용,0.0,0,669450,https://img.danawa.com/prod_img/500000/866/852/img/96852866_1.jpg?shrink=130:130&_v=20250908074617
다나와표준PC 전문가용 250528,9800X3D / RTX 5080 / (AMD) X870E / OS미포함 / 1000W / AMD / 라이젠 9000시리즈 / 라이젠7 / 그래니트 릿지 / DDR5 / 16GB / HDD:4TB / M.2 / 1TB / NVIDIA / 그래픽 메모리 : 16GB / 1Gbps 유선 / 파워서플라이 / 미들타워 / 수랭쿨러 / LED쿨러 / 용도 : 게임용,0.0,0,3972380,https://img.danawa.com/prod_img/500000/904/863/img/89863904_1.jpg?shrink=130:130&_v=20250502133216
한성컴퓨터 슈컴 PRO A7856T,7800X3D / RTX 5060 Ti / (AMD) B650 / OS미포함 / 700W / AMD / 라이젠 7000시리즈 / 라이젠7 / 라파엘 / DDR5 / 32GB / M.2 / 1TB / NVIDIA / 그래픽 메모리 : 8GB / 1Gbps 유선 / HDMI / DP포트 / 파워서플라이 / 미들타워 / 어항형 / LED쿨러 / 용도 : 게임용,5.0,4,1553300,https://img.danawa.com/prod_img/500000/968/655/img/86655968_1.jpg?shrink=130:130&_v=20250616105433
한성컴퓨터 슈컴 PRO A7857GT,7800X3D / RTX 5070 Ti / (AMD) X870 / OS미포함 / 850W / AMD / 라이젠 7000시리즈 / 라이젠7 / 라파엘 / DDR5 / 32GB / M.2 / 1TB / NVIDIA / 그래픽 메모리 : 16GB / 1Gbps 유선 / HDMI / DP포트 / 파워서플라이 / 미들타워 / 어항형 / LED쿨러 / 용도 : 게임용,5.0,4,2414090,https://img.danawa.com/prod_img/500000/282/357/img/92357282_1.jpg?shrink=130:130&_v=20250616104341
다나와표준PC 전문가용 250926,9900X3D / RTX 5070 Ti / (AMD) X870E / OS미포함 / 1000W / AMD / 라이젠 9000시리즈 / 라이젠9 / 그래니트 릿지 / DDR5 / 16GB / HDD:2TB / M.2 / 1TB / NVIDIA / 그래픽 메모리 : 16GB / 1Gbps 유선 / HDMI / DP포트 / 파워서플라이 / 빅타워 / 어항형 / 수랭쿨러 / LED쿨러 / 용도 : 게임용,0.0,0,3598940,https://img.danawa.com/prod_img/500000/194/855/img/96855194_1.jpg?shrink=130:130&_v=20250829144659
다나와표준PC 온라인강의용 241008,i5-12400 / UHD 그래픽스 730 / (인텔) H610 / OS미포함 / 600W / 인텔 / 코어 12세대 / 코어i5 / 엘더레이크 / DDR4 / 8GB / M.2 / 500GB / INTEL / 1Gbps 유선 / 파워서플라이 / 미니타워 / 어항형 / LED쿨러 / 용도 : 사무/인강용,0.0,0,543550,https://img.danawa.com/prod_img/500000/751/245/img/68245751_1.jpg?shrink=130:130&_v=20241004154120
다나와표준PC 전문가용 250828,9950X3D / RTX 5080 / (AMD) X870E / OS미포함 / 1200W / AMD / 라이젠 9000시리즈 / 라이젠9 / 그래니트 릿지 / DDR5 / 16GB / HDD:4TB / M.2 / 1TB / NVIDIA / 그래픽 메모리 : 16GB / 1Gbps 유선 / 파워서플라이 / 미들타워 / 어항형 / 수랭쿨러 / LED쿨러 / 용도 : 게임용,0.0,0,5746050,https://img.danawa.com/prod_img/500000/730/056/img/95056730_1.jpg?shrink=130:130&_v=20250801132705
MSI PRO DP180 404XKR i5-12400,i5-12400 / UHD 그래픽스 730 / (인텔) H610 / OS미포함 / 500W / 인텔 / 코어 12세대 / 코어i5 / 엘더레이크 / DDR4 / 8GB / M.2 / 256GB / INTEL / 2.5Gbps 유선 / 802.11ax(Wi-Fi 6E) 무선 / 블루투스 / 듀얼랜 / HDMI / DP포트 / D-SUB / USB3.x 5Gbps / USB C타입 10Gbps / 시리얼포트 / 파워서플라이 / 미들타워 / 7.59kg / 용도 : 사무/인강용,5.0,2,524630,https://img.danawa.com/new/noData/img/noImg_160.gif
포유컴퓨터 퍼포먼스PC 30 R7 7800X3D RTX5070,7800X3D / RTX 5070 / (AMD) B850 / OS미포함 / 800W / AMD / 라이젠 7000시리즈 / 라이젠7 / 라파엘 / DDR5 / 16GB / M.2 / 500GB / NVIDIA / 1Gbps 유선 / HDMI / DP포트 / 파워서플라이 / 미들타워 / LED쿨러 / 용도 : 게임용,4.6,3,1787720,https://img.danawa.com/new/noData/img/noImg_160.gif
다나와표준PC 게임용 250616,i5-14400F / RX 7600 / (인텔) B760 / OS미포함 / 750W / 인텔 / 코어 14세대 / 코어i5 / 랩터레이크-R / DDR5 / 16GB / M.2 / 500GB / AMD / 그래픽 메모리 : 8GB / 1Gbps 유선 / 파워서플라이 / 미들타워 / 어항형 / LED쿨러 / 용도 : 게임용,5.0,1,1064730,https://img.danawa.com/new/noData/img/noImg_160.gif
한성컴퓨터 슈컴 PRO A7856T 16G,7800X3D / RTX 5060 Ti / (AMD) B650 / OS미포함 / 700W / AMD / 라이젠 7000시리즈 / 라이젠7 / 라파엘 / DDR5 / 32GB / M.2 / 1TB / NVIDIA / 그래픽 메모리 : 16GB / 1Gbps 유선 / HDMI / DP포트 / 파워서플라이 / 미들타워 / 어항형 / LED쿨러 / 용도 : 게임용,0.0,0,1705110,https://img.danawa.com/new/noData/img/noImg_160.gif
영웅컴퓨터 영웅 H게이밍 4461F,i5-14400F / RTX 4060 Ti / (인텔) H610 / OS미포함 / 600W / 인텔 / 코어 14세대 / 코어i5 / 랩터레이크-R / DDR5 / 16GB / M.2 / 500GB / NVIDIA / 그래픽 메모리 : 8GB / 1Gbps 유선 / HDMI / DP포트 / 파워서플라이 / 미들타워 / 용도 : 게임용,3.0,1,1026240,https://img.danawa.com/new/noData/img/noImg_160.gif
다나와표준PC 전문가용 250927,285K / RTX 5070 / (인텔) Z890 / OS미포함 / 1000W / 인텔 / 코어울트라 시리즈2 / 코어 울트라9 / 애로우레이크 / 인텔 AI Boost / 13TOPS / DDR5 / 32GB / HDD:4TB / M.2 / 1TB / NVIDIA / 그래픽 메모리 : 12GB / 1Gbps 유선 / HDMI / DP포트 / 파워서플라이 / 미들타워 / 어항형 / 수랭쿨러 / LED쿨러 / 용도 : 게임용,0.0,0,3378940,https://img.danawa.com/new/noData/img/noImg_160.gif
한성컴퓨터 슈컴 PRO A9757T,9700X / RTX 5070 Ti / (AMD) B650E / OS미포함 / 850W / AMD / 라이젠 9000시리즈 / 라이젠7 / 그래니트 릿지 / DDR5 / 32GB / M.2 / 1TB / NVIDIA / 그래픽 메모리 : 16GB / 1Gbps 유선 / HDMI / DP포트 / 파워서플라이 / 미들타워 / 어항형 / LED쿨러 / 용도 : 게임용,5.0,1,2285900,https://img.danawa.com/new/noData/img/noImg_160.gif
다나와표준PC DPG 게임용 250924,9800X3D / RTX 5070 / (AMD) X870E / OS미포함 / 850W / AMD / 라이젠 9000시리즈 / 라이젠7 / 그래니트 릿지 / DDR5 / 16GB / M.2 / 1TB / NVIDIA / 그래픽 메모리 : 12GB / 1Gbps 유선 / HDMI / DP포트 / 파워서플라이 / 미들타워 / 어항형 / 수랭쿨러 / LED쿨러 / 용도 : 게임용,0.0,0,2782940,https://img.danawa.com/new/noData/img/noImg_160.gif
다나와표준PC 온라인강의용 250807,i5-14400 / UHD 730 / (인텔) H610 / OS미포함 / 600W / 인텔 / 코어 14세대 / 코어i5 / 랩터레이크-R / DDR5 / 16GB / M.2 / 500GB / INTEL / 1Gbps 유선 / 파워서플라이 / 미들타워 / 어항형 / LED쿨러 / 용도 : 사무/인강용,0.0,0,650000,https://img.danawa.com/new/noData/img/noImg_160.gif
다나와표준PC 게임용 250419,9800X3D / RTX 5070 / (AMD) B850 / OS미포함 / 850W / AMD / 라이젠 9000시리즈 / 라이젠7 / 그래니트 릿지 / DDR5 / 16GB / M.2 / 1TB / NVIDIA / 그래픽 메모리 : 12GB / 1Gbps 유선 / 파워서플라이 / 미들타워 / 용도 : 게임용,0.0,0,2487330,https://img.danawa.com/new/noData/img/noImg_160.gif
다나와표준PC 게임용 250815,9600X / RX 9060 XT / (AMD) B850 / OS미포함 / 850W / AMD / 라이젠 9000시리즈 / 라이젠5 / 그래니트 릿지 / DDR5 / 16GB / M.2 / 512GB / AMD / 그래픽 메모리 : 16GB / 1Gbps 유선 / HDMI / DP포트 / 파워서플라이 / 미들타워 / 어항형 / LED쿨러 / 용도 : 게임용,0.0,0,1534580,https://img.danawa.com/new/noData/img/noImg_160.gif
다나와표준PC 게임용 250820,265KF / RTX 5060 / (인텔) B860 / OS미포함 / 800W / 인텔 / 코어울트라 시리즈2 / 코어 울트라7 / 애로우레이크 / 인텔 AI Boost / 13TOPS / DDR5 / 16GB / M.2 / 1TB / NVIDIA / 그래픽 메모리 : 8GB / 1Gbps 유선 / HDMI / DP포트 / 파워서플라이 / 미들타워 / 어항형 / 수랭쿨러 / LED쿨러 / 용도 : 게임용,0.0,0,1696180,https://img.danawa.com/new/noData/img/noImg_160.gif
다나와표준PC 홈/오피스용 250801,3200G / Vega 8 / (AMD) A520 / OS미포함 / 500W / AMD / 라이젠 3000시리즈 / 라이젠3 / 피카소 / DDR4 / 8GB / SSD / 240GB / AMD / 1Gbps 유선 / 파워서플라이 / 미들타워 / 어항형 / LED쿨러 / 용도 : 사무/인강용,0.0,0,361770,https://img.danawa.com/new/noData/img/noImg_160.gif
다나와표준PC 게임용 250717,7800X3D / RTX 5060 Ti / (AMD) B850 / OS미포함 / 800W / AMD / 라이젠 7000시리즈 / 라이젠7 / 라파엘 / DDR5 / 16GB / M.2 / 1TB / NVIDIA / 그래픽 메모리 : 8GB / 1Gbps 유선 / 파워서플라이 / 미들타워 / 용도 : 게임용,0.0,0,1965730,https://img.danawa.com/new/noData/img/noImg_160.gif
다나와표준PC 게임용 250813,9600X / RX 9060 XT / (AMD) B850 / OS미포함 / 700W / AMD / 라이젠 9000시리즈 / 라이젠5 / 그래니트 릿지 / DDR5 / 16GB / M.2 / 500GB / AMD / 그래픽 메모리 : 8GB / 1Gbps 유선 / HDMI / DP포트 / 파워서플라이 / 미들타워 / 어항형 / LED쿨러 / 용도 : 게임용,0.0,0,1387960,https://img.danawa.com/new/noData/img/noImg_160.gif
다나와표준PC 온라인강의용 250808,i5-12400F / RTX 3050 / (인텔) H610 / OS미포함 / 800W / 인텔 / 코어 12세대 / 코어i5 / 엘더레이크 / DDR5 / 16GB / M.2 / 500GB / NVIDIA / 그래픽 메모리 : 6GB / 1Gbps 유선 / 파워서플라이 / 미들타워 / 어항형 / LED쿨러 / 용도 : 게임용,0.0,0,906410,https://img.danawa.com/new/noData/img/noImg_160.gif
다나와표준PC 게임용 250912,i5-14400F / RTX 5060 Ti / (인텔) B760 / OS미포함 / 850W / 인텔 / 코어 14세대 / 코어i5 / 랩터레이크-R / DDR5 / 16GB / M.2 / 500GB / NVIDIA / 그래픽 메모리 : 16GB / 1Gbps 유선 / HDMI / DP포트 / 파워서플라이 / 미들타워 / 어항형 / LED쿨러 / 용도 : 게임용,0.0,0,1447230,https://img.danawa.com/new/noData/img/noImg_160.gif
다나와표준PC 게임용 250809,7500F / RTX 5050 / (AMD) B650 / OS미포함 / 700W / AMD / 라이젠 7000시리즈 / 라이젠5 / 라파엘 / DDR5 / 16GB / SSD / 240GB / NVIDIA / 그래픽 메모리 : 8GB / 1Gbps 유선 / HDMI / DP포트 / 파워서플라이 / 미들타워 / LED쿨러 / 용도 : 게임용,0.0,0,1026830,https://img.danawa.com/new/noData/img/noImg_160.gif
STCOM STAI-V107,7500F / RTX 5060 Ti / (AMD) A620 / OS미포함 / 700W / AMD / 라이젠 7000시리즈 / 라이젠5 / 라파엘 / DDR5 / 32GB / M.2 / 1TB / NVIDIA / 1Gbps 유선 / HDMI / DP포트 / 파워서플라이 / 미들타워 / 용도 : 게임용,0.0,0,1239150,https://img.danawa.com/prod_img/500000/639/116/img/90116639_1.jpg?shrink=130:130&_v=20250520091518
다나와표준PC 게임용 250713,7500F / RTX 5060 Ti / (AMD) B650 / OS미포함 / 700W / AMD / 라이젠 7000시리즈 / 라이젠5 / 라파엘 / DDR5 / 16GB / M.2 / 500GB / NVIDIA / 그래픽 메모리 : 8GB / 1Gbps 유선 / 파워서플라이 / 미들타워 / 어항형 / LED쿨러 / 용도 : 게임용,0.0,0,1382340,https://img.danawa.com/prod_img/500000/378/386/img/93386378_1.jpg?shrink=130:130&_v=20250701163603
한성컴퓨터 슈컴 PRO A9756T,9700X / RTX 5060 Ti / (AMD) B650 / OS미포함 / 700W / AMD / 라이젠 9000시리즈 / 라이젠7 / 그래니트 릿지 / DDR5 / 32GB / M.2 / 1TB / NVIDIA / 그래픽 메모리 : 8GB / 1Gbps 유선 / HDMI / DP포트 / 파워서플라이 / 미들타워 / 어항형 / LED쿨러 / 용도 : 게임용,2.0,2,1513700,https://img.danawa.com/prod_img/500000/357/690/img/86690357_1.jpg?shrink=130:130&_v=20250808100543
STCOM STAI-V67,i5-14400F / GTX 1660 SUPER / (인텔) H610 / OS미포함 / 600W / 인텔 / 코어 14세대 / 코어i5 / 랩터레이크-R / DDR4 / 16GB / M.2 / 512GB / NVIDIA / 1Gbps 유선 / 파워서플라이 / 미들타워 / 용도 : 게임용,0.0,0,699140,https://img.danawa.com/prod_img/500000/259/252/img/79252259_1.jpg?shrink=130:130&_v=20250404131105
STCOM STAI-V9,5600 / RTX 3060 / (AMD) A520 / OS미포함 / 600W / AMD / 라이젠 5000시리즈 / 라이젠5 / 버미어 / DDR4 / 16GB / M.2 / 512GB / NVIDIA / 1Gbps 유선 / 파워서플라이 / 미들타워 / 용도 : 게임용,0.0,0,777200,https://img.danawa.com/prod_img/500000/989/720/img/75720989_1.jpg?shrink=130:130&_v=20250404142912
한성컴퓨터 슈컴 Expert A9800EM,9800X3D / 그래픽스 2 / (AMD) X870 / OS미포함 / 1250W / AMD / 라이젠 9000시리즈 / 라이젠7 / 그래니트 릿지 / DDR5 / 32GB / M.2 / 1TB / AMD / 1Gbps 유선 / 파워서플라이 / 미들타워 / 어항형 / LED쿨러 / 용도 : 사무/인강용,0.0,0,1486970,https://img.danawa.com/prod_img/500000/139/521/img/95521139_1.jpg?shrink=130:130&_v=20250808110418
다나와표준PC 게임용 250814,9600X / RTX 5060 / (AMD) B650 / OS미포함 / 850W / AMD / 라이젠 9000시리즈 / 라이젠5 / 그래니트 릿지 / DDR5 / 16GB / M.2 / 500GB / NVIDIA / 그래픽 메모리 : 8GB / 1Gbps 유선 / HDMI / DP포트 / 파워서플라이 / 미들타워 / 어항형 / LED쿨러 / 용도 : 게임용,0.0,0,1511520,https://img.danawa.com/prod_img/500000/779/055/img/95055779_1.jpg?shrink=130:130&_v=20250801110603
STCOM STAI-V131,i5-12400F / RTX 3060 / (인텔) H610 / OS미포함 / 600W / 인텔 / 코어 12세대 / 코어i5 / 엘더레이크 / DDR4 / 16GB / M.2 / 512GB / NVIDIA / 그래픽 메모리 : 12GB / 1Gbps 유선 / HDMI / DP포트 / 파워서플라이 / 미들타워 / 용도 : 게임용,0.0,0,785360,https://img.danawa.com/prod_img/500000/967/577/img/90577967_1.jpg?shrink=130:130&_v=20250514151822
다나와표준PC DPG 게임용 241023,i7-14700KF / RTX 4070 SUPER / (인텔) Z790 / OS미포함 / 850W / 인텔 / 코어 14세대 / 코어i7 / 랩터레이크-R / DDR5 / 16GB / M.2 / 1TB / NVIDIA / 1Gbps 유선 / 802.11ax(Wi-Fi 6) 무선 / 블루투스 / HDMI / DP포트 / 파워서플라이 / 미들타워 / LED쿨러 / 용도 : 게임용,0.0,0,2374120,https://img.danawa.com/prod_img/500000/576/246/img/68246576_1.jpg?shrink=130:130&_v=20241004162939
다나와표준PC DPG 게임용 250922,9800X3D / RTX 5060 Ti / (AMD) B850 / OS미포함 / 850W / AMD / 라이젠 9000시리즈 / 라이젠7 / 그래니트 릿지 / DDR5 / 16GB / M.2 / 1TB / NVIDIA / 그래픽 메모리 : 16GB / 1Gbps 유선 / HDMI / DP포트 / 파워서플라이 / 미들타워 / 어항형 / LED쿨러 / 용도 : 게임용,0.0,0,2298060,https://img.danawa.com/prod_img/500000/867/854/img/96854867_1.jpg?shrink=130:130&_v=20250829142035
다나와표준PC DPG 게임용 250822,9800X3D / RTX 5060 Ti / (AMD) B850 / OS미포함 / 850W / AMD / 라이젠 9000시리즈 / 라이젠7 / 그래니트 릿지 / DDR5 / 16GB / M.2 / 1TB / NVIDIA / 그래픽 메모리 : 16GB / 1Gbps 유선 / HDMI / DP포트 / 파워서플라이 / 미들타워 / 어항형 / 수랭쿨러 / LED쿨러 / 용도 : 게임용,0.0,0,2325780,https://img.danawa.com/prod_img/500000/235/056/img/95056235_1.jpg?shrink=130:130&_v=20250801115243
다나와표준PC DPG 게임용 250722,9800X3D / RTX 5070 / (AMD) X870E / OS미포함 / 850W / AMD / 라이젠 9000시리즈 / 라이젠7 / 그래니트 릿지 / DDR5 / 16GB / M.2 / 1TB / NVIDIA / 그래픽 메모리 : 12GB / 1Gbps 유선 / 파워서플라이 / 미들타워 / 어항형 / 수랭쿨러 / LED쿨러 / 용도 : 게임용,0.0,0,2805070,https://img.danawa.com/prod_img/500000/428/387/img/93387428_1.jpg?shrink=130:130&_v=20250701224046
영웅컴퓨터 영웅 베이직 L3446,i5-13400F / RTX 5060 / (인텔) H610 / OS미포함 / 600W / 인텔 / 코어 13세대 / 코어i5 / 랩터레이크 / DDR4 / 16GB / M.2 / 500GB / NVIDIA / 그래픽 메모리 : 8GB / 1Gbps 유선 / HDMI / DP포트 / 파워서플라이 / 미들타워 / LED쿨러 / 용도 : 게임용,5.0,4,853220,https://img.danawa.com/new/noData/img/noImg_160.gif
다나와표준PC 게임용 240809,5600 / GTX 1650 / (AMD) B550 / OS미포함 / 600W / AMD / 라이젠 5000시리즈 / 라이젠5 / 버미어 / DDR4 / 16GB / M.2 / 500GB / NVIDIA / 그래픽 메모리 : 4GB / 1Gbps 유선 / HDMI / DP포트 / DVI / 파워서플라이 / 미들타워 / 용도 : 게임용,0.0,0,758020,https://img.danawa.com/new/noData/img/noImg_160.gif
다나와표준PC 홈/오피스용 250902,5500GT / 그래픽스 7 / (AMD) A520 / OS미포함 / 600W / AMD / 라이젠 5000시리즈 / 라이젠5 / 세잔 / DDR4 / 8GB / SSD / 240GB / AMD / 1Gbps 유선 / 파워서플라이 / 미들타워 / 어항형 / LED쿨러 / 용도 : 사무/인강용,0.0,0,453700,https://img.danawa.com/new/noData/img/noImg_160.gif
다나와표준PC 게임용 250714,7600X / RX 9060 XT / (AMD) B850 / OS미포함 / 850W / AMD / 라이젠 7000시리즈 / 라이젠5 / 라파엘 / DDR5 / 16GB / M.2 / 500GB / AMD / 그래픽 메모리 : 8GB / 1Gbps 유선 / 파워서플라이 / 미들타워 / 어항형 / LED쿨러 / 용도 : 게임용,0.0,0,1339840,https://img.danawa.com/new/noData/img/noImg_160.gif
영웅컴퓨터 영웅 H게이밍 4561F,i5-14400F / RTX 5060 Ti / (인텔) H610 / OS미포함 / 600W / 인텔 / 코어 14세대 / 코어i5 / 랩터레이크-R / DDR5 / 16GB / M.2 / 500GB / NVIDIA / 그래픽 메모리 : 8GB / 1Gbps 유선 / HDMI / DP포트 / 파워서플라이 / 미들타워 / 어항형 / LED쿨러 / 용도 : 게임용,0.0,0,1041330,https://img.danawa.com/new/noData/img/noImg_160.gif
다나와표준PC 게임용 250515,7600 / RTX 5060 Ti / (AMD) B850 / OS미포함 / 850W / AMD / 라이젠 7000시리즈 / 라이젠5 / 라파엘 / DDR5 / 16GB / M.2 / 512GB / NVIDIA / 그래픽 메모리 : 16GB / 1Gbps 유선 / 파워서플라이 / 미들타워 / 어항형 / LED쿨러 / 용도 : 게임용,0.0,0,1471150,https://img.danawa.com/new/noData/img/noImg_160.gif
다나와표준PC 전문가용 250226,9800X3D / RTX 4060 / (AMD) X870E / OS미포함 / 1200W / AMD / 라이젠 9000시리즈 / 라이젠7 / 그래니트 릿지 / DDR5 / 32GB / HDD:2TB / M.2 / 1TB / NVIDIA / 그래픽 메모리 : 8GB / 2.5Gbps 유선 / 802.11be(Wi-Fi 7) 무선 / 블루투스 / HDMI / DP포트 / 파워서플라이 / 미들타워 / 어항형 / 수랭쿨러 / LED쿨러 / 용도 : 게임용,0.0,0,2548470,https://img.danawa.com/new/noData/img/noImg_160.gif
한성컴퓨터 슈컴 PRO A9697 B,9600X / RX 9070 / (AMD) B650 / OS미포함 / 700W / AMD / 라이젠 9000시리즈 / 라이젠5 / 그래니트 릿지 / DDR5 / 32GB / M.2 / 1TB / AMD / 그래픽 메모리 : 16GB / 1Gbps 유선 / HDMI / DP포트 / 파워서플라이 / 미들타워 / 어항형 / LED쿨러 / 용도 : 게임용,0.0,0,1708530,https://img.danawa.com/new/noData/img/noImg_160.gif
다나와표준PC 전문가용 250726,9900X3D / RTX 5070 Ti / (AMD) X870E / OS미포함 / 1050W / AMD / 라이젠 9000시리즈 / 라이젠9 / 그래니트 릿지 / DDR5 / 16GB / HDD:2TB / M.2 / 1TB / NVIDIA / 그래픽 메모리 : 16GB / 1Gbps 유선 / 파워서플라이 / 빅타워 / 어항형 / 수랭쿨러 / LED쿨러 / 용도 : 게임용,0.0,0,3775440,https://img.danawa.com/new/noData/img/noImg_160.gif
다나와표준PC 게임용 211009,5600G / 그래픽스 7 / (AMD) A520 / OS미포함 / 500W / AMD / 라이젠 5000시리즈 / 라이젠5 / 세잔 / DDR4 / 16GB / SSD / 240GB / AMD / 1Gbps 유선 / HDMI / D-SUB / USB3.x 5Gbps / 파워서플라이 / 미들타워 / 용도 : 사무/인강용,4.7,31,441690,https://img.danawa.com/new/noData/img/noImg_160.gif
다나와표준PC 홈/오피스용 250501,5500GT / 그래픽스 7 / (AMD) A520 / OS미포함 / 500W / AMD / 라이젠 5000시리즈 / 라이젠5 / 세잔 / DDR4 / 8GB / SSD / 240GB / AMD / 1Gbps 유선 / 파워서플라이 / 미들타워 / 어항형 / LED쿨러 / 용도 : 사무/인강용,0.0,0,382570,https://img.danawa.com/new/noData/img/noImg_160.gif
STCOM STAI-V76,9600X / RX 9070 XT / (AMD) B650 / OS미포함 / 800W / AMD / 라이젠 9000시리즈 / 라이젠5 / 그래니트 릿지 / DDR5 / 32GB / M.2 / 1TB / AMD / 1Gbps 유선 / HDMI / DP포트 / 파워서플라이 / 미들타워 / 용도 : 게임용,5.0,1,1829570,https://img.danawa.com/new/noData/img/noImg_160.gif
ASUS MiniPC PN41-BC316AV N4505 Win11Pro,N4505 (2.0GHz) / UHD 그래픽스 / 윈도우11 프로 / 인텔 / 셀러론 / 셀러론 / 제스퍼레이크 / DDR4 / 4GB / eMMC / 128GB / INTEL / 1Gbps 유선 / 802.11ac(Wi-Fi 5) 무선 / 블루투스 / HDMI / USB3.x 5Gbps / USB C타입 5Gbps / USB-PD(+DC) / 미니PC / 용도 : 사무/인강용,5.0,1,396990,https://img.danawa.com/new/noData/img/noImg_160.gif
다나와표준PC 게임용 250209,5600 / RTX 3050 / (AMD) B450 / OS미포함 / 700W / AMD / 라이젠 5000시리즈 / 라이젠5 / 버미어 / DDR4 / 16GB / SSD / 240GB / NVIDIA / 그래픽 메모리 : 6GB / 1Gbps 유선 / HDMI / DP포트 / 파워서플라이 / 미들타워 / 어항형 / LED쿨러 / 용도 : 게임용,0.0,0,771260,https://img.danawa.com/new/noData/img/noImg_160.gif
다나와표준PC 게임용 241113,7500F / RTX 4060 / (AMD) A620 / OS미포함 / 800W / AMD / 라이젠 7000시리즈 / 라이젠5 / 라파엘 / DDR5 / 32GB / M.2 / 500GB / NVIDIA / 그래픽 메모리 : 8GB / 1Gbps 유선 / HDMI / DP포트 / 파워서플라이 / 미들타워 / 어항형 / LED쿨러 / 용도 : 게임용,0.0,0,1161200,https://img.danawa.com/new/noData/img/noImg_160.gif
포유컴퓨터 퍼포먼스PC 41 5500GT,5500GT / 그래픽스 7 / (AMD) A520 / OS미포함 / 500W / AMD / 라이젠 5000시리즈 / 라이젠5 / 세잔 / DDR4 / 8GB / M.2 / 500GB / AMD / 1Gbps 유선 / 파워서플라이 / 미들타워 / 용도 : 사무/인강용,0.0,0,342390,https://img.danawa.com/new/noData/img/noImg_160.gif
다나와표준PC ULTIMAKE RYZ-R9900X-5080,9900X / RTX 5080 / (AMD) X870E / OS미포함 / 1000W / AMD / 라이젠 9000시리즈 / 라이젠9 / 그래니트 릿지 / DDR5 / 64GB / M.2 / 1TB / NVIDIA / 그래픽 메모리 : 16GB / 1Gbps 유선 / HDMI / DP포트 / 파워서플라이 / 미들타워 / 어항형 / 수랭쿨러 / LED쿨러 / 용도 : 게임용,0.0,0,0,https://img.danawa.com/new/noData/img/noImg_160.gif
다나와표준PC 온라인강의용 250907,i5-14400 / RTX 5050 / (인텔) B760 / OS미포함 / 700W / 인텔 / 코어 14세대 / 코어i5 / 랩터레이크-R / DDR5 / 16GB / M.2 / 500GB / NVIDIA / 그래픽 메모리 : 8GB / 1Gbps 유선 / HDMI / DP포트 / 파워서플라이 / 미들타워 / LED쿨러 / 용도 : 게임용,0.0,0,1191000,https://img.danawa.com/prod_img/500000/196/853/img/96853196_1.jpg?shrink=130:130&_v=20250829110715
타무즈 스트라이커 TZ200M2EAA,i5-14400 / UHD 730 / (인텔) H610 / OS미포함 / 500W / 인텔 / 코어 14세대 / 코어i5 / 랩터레이크-R / DDR5 / 8GB / M.2 / 256GB / INTEL / 1Gbps 유선 / HDMI / DP포트 / D-SUB / USB3.x 5Gbps / 파워서플라이 / 미들타워 / 용도 : 사무/인강용,0.0,0,469270,https://img.danawa.com/prod_img/500000/901/805/img/93805901_1.jpg?shrink=130:130&_v=20250709164023
다나와표준PC 게임용 250720,245K / RTX 5060 / (인텔) B860 / OS미포함 / 850W / 인텔 / 코어울트라 시리즈2 / 코어 울트라5 / 애로우레이크 / 인텔 AI Boost / 13TOPS / DDR5 / 16GB / M.2 / 1TB / NVIDIA / 그래픽 메모리 : 8GB / 1Gbps 유선 / 파워서플라이 / 미들타워 / 수랭쿨러 / LED쿨러 / 용도 : 게임용,0.0,0,1728720,https://img.danawa.com/prod_img/500000/828/386/img/93386828_1.jpg?shrink=130:130&_v=20250701172319
다나와표준PC 게임용 250511,7500F / RTX 3050 / (AMD) B650 / OS미포함 / 800W / AMD / 라이젠 7000시리즈 / 라이젠5 / 라파엘 / DDR5 / 16GB / M.2 / 500GB / NVIDIA / 그래픽 메모리 : 6GB / 1Gbps 유선 / 파워서플라이 / 미들타워 / 어항형 / LED쿨러 / 용도 : 게임용,0.0,0,920200,https://img.danawa.com/prod_img/500000/308/862/img/89862308_1.jpg?shrink=130:130&_v=20250502103255
다나와표준PC DPG 게임용 250923,265KF / RTX 5060 / (인텔) B860 / OS미포함 / 850W / 인텔 / 코어울트라 시리즈2 / 코어 울트라7 / 애로우레이크 / 인텔 AI Boost / 13TOPS / DDR5 / 16GB / M.2 / 1TB / NVIDIA / 그래픽 메모리 : 8GB / 1Gbps 유선 / HDMI / DP포트 / 파워서플라이 / 미들타워 / 어항형 / 수랭쿨러 / LED쿨러 / 용도 : 게임용,0.0,0,1966940,https://img.danawa.com/prod_img/500000/957/854/img/96854957_1.jpg?shrink=130:130&_v=20250829142625
다나와표준PC 홈/오피스용 250904,i5-12400 / UHD 730 / (인텔) H610 / OS미포함 / 600W / 인텔 / 코어 12세대 / 코어i5 / 엘더레이크 / DDR5 / 16GB / M.2 / 256GB / INTEL / 1Gbps 유선 / 파워서플라이 / 미들타워 / LED쿨러 / 용도 : 사무/인강용,0.0,0,572800,https://img.danawa.com/prod_img/500000/608/852/img/96852608_1.jpg?shrink=130:130&_v=20250829102345
다나와표준PC DPG 게임용 250724,9800X3D / RTX 5070 / (AMD) X870E / OS미포함 / 1050W / AMD / 라이젠 9000시리즈 / 라이젠7 / 그래니트 릿지 / DDR5 / 16GB / M.2 / 500GB / NVIDIA / 그래픽 메모리 : 12GB / 1Gbps 유선 / 파워서플라이 / 빅타워 / 어항형 / 수랭쿨러 / LED쿨러 / 용도 : 게임용,0.0,0,2912180,https://img.danawa.com/prod_img/500000/434/387/img/93387434_1.jpg?shrink=130:130&_v=20250801130443
다나와표준PC 홈/오피스용 250401,5500GT / 그래픽스 7 / (AMD) A520 / OS미포함 / 500W / AMD / 라이젠 5000시리즈 / 라이젠5 / 세잔 / DDR4 / 8GB / M.2 / 256GB / AMD / 1Gbps 유선 / 파워서플라이 / 미들타워 / 어항형 / LED쿨러 / 용도 : 사무/인강용,0.0,0,420190,https://img.danawa.com/prod_img/500000/251/981/img/78981251_1.jpg?shrink=130:130&_v=20250401093903
한성컴퓨터 슈컴 PRO A9656T,9600X / RTX 5060 Ti / (AMD) B650 / OS미포함 / 700W / AMD / 라이젠 9000시리즈 / 라이젠5 / 그래니트 릿지 / DDR5 / 32GB / M.2 / 1TB / NVIDIA / 그래픽 메모리 : 8GB / 1Gbps 유선 / HDMI / DP포트 / 파워서플라이 / 미들타워 / 어항형 / LED쿨러 / 용도 : 게임용,5.0,1,1358010,https://img.danawa.com/prod_img/500000/838/671/img/86671838_1.jpg?shrink=130:130&_v=20250616112119
다나와표준PC 게임용 250914,9600X / RX 9070 XT / (AMD) B650 / OS미포함 / 850W / AMD / 라이젠 9000시리즈 / 라이젠5 / 그래니트 릿지 / DDR5 / 16GB / M.2 / 512GB / AMD / 그래픽 메모리 : 16GB / 1Gbps 유선 / HDMI / DP포트 / 파워서플라이 / 미들타워 / LED쿨러 / 용도 : 게임용,0.0,0,2076060,https://img.danawa.com/prod_img/500000/021/854/img/96854021_1.jpg?shrink=130:130&_v=20250829133316
다나와표준PC 게임용 250913,9600X / RTX 5060 / (AMD) B850 / OS미포함 / 700W / AMD / 라이젠 9000시리즈 / 라이젠5 / 그래니트 릿지 / DDR5 / 16GB / M.2 / 500GB / NVIDIA / 그래픽 메모리 : 8GB / 1Gbps 유선 / HDMI / DP포트 / 파워서플라이 / 미들타워 / LED쿨러 / 용도 : 게임용,0.0,0,1367460,https://img.danawa.com/prod_img/500000/937/853/img/96853937_1.jpg?shrink=130:130&_v=20250829132459
다나와표준PC 홈/오피스용 250903,i3-12100 / UHD 730 / (인텔) H610 / OS미포함 / 500W / 인텔 / 코어 12세대 / 코어i3 / 엘더레이크 / DDR5 / 16GB / SSD / 240GB / INTEL / 1Gbps 유선 / 파워서플라이 / 미들타워 / 어항형 / LED쿨러 / 용도 : 사무/인강용,0.0,0,533270,https://img.danawa.com/prod_img/500000/530/852/img/96852530_1.jpg?shrink=130:130&_v=20250829101705
STCOM STAI-V69,i5-14400F / RX 580 / (인텔) H610 / OS미포함 / 600W / 인텔 / 코어 14세대 / 코어i5 / 랩터레이크-R / DDR4 / 16GB / M.2 / 512GB / AMD / 1Gbps 유선 / 파워서플라이 / 미들타워 / 용도 : 게임용,5.0,3,564220,https://img.danawa.com/prod_img/500000/961/252/img/79252961_1.jpg?shrink=130:130&_v=20250404134935
한성컴퓨터 슈컴 PRO A9657,9600X / RTX 5070 / (AMD) B650 / OS미포함 / 800W / AMD / 라이젠 9000시리즈 / 라이젠5 / 그래니트 릿지 / DDR5 / 32GB / M.2 / 1TB / NVIDIA / 그래픽 메모리 : 12GB / 1Gbps 유선 / HDMI / DP포트 / 파워서플라이 / 미들타워 / 어항형 / LED쿨러 / 용도 : 게임용,5.0,2,1640540,https://img.danawa.com/new/noData/img/noImg_160.gif
STCOM STAI-V68,i5-14400F / GTX 1660 SUPER / (인텔) H610 / OS미포함 / 600W / 인텔 / 코어 14세대 / 코어i5 / 랩터레이크-R / DDR4 / 32GB / M.2 / 1TB / NVIDIA / 1Gbps 유선 / 파워서플라이 / 미들타워 / 용도 : 게임용,0.0,0,768340,https://img.danawa.com/new/noData/img/noImg_160.gif
다나와표준PC DPG 게임용 250221,i5-14600KF / RTX 4060 / (인텔) B760 / OS미포함 / 800W / 인텔 / 코어 14세대 / 코어i5 / 랩터레이크-R / DDR5 / 16GB / M.2 / 500GB / NVIDIA / 그래픽 메모리 : 8GB / 1Gbps 유선 / HDMI / DP포트 / 파워서플라이 / 미들타워 / 어항형 / LED쿨러 / 용도 : 게임용,0.0,0,1391340,https://img.danawa.com/new/noData/img/noImg_160.gif
다나와표준PC 홈/오피스용 240702,4650G / 그래픽스 7 / (AMD) A520 / OS미포함 / 600W / AMD / 라이젠 4000시리즈 / 라이젠5 PRO / 르누아르 / DDR4 / 8GB / SSD / 240GB / AMD / 1Gbps 유선 / 파워서플라이 / 미들타워 / 용도 : 사무/인강용,4.6,3,377580,https://img.danawa.com/new/noData/img/noImg_160.gif
영웅컴퓨터 영웅 울트라게이밍 플러스 P003 265KF RTX5070,265KF / RTX 5070 / (인텔) B860 / OS미포함 / 800W / 인텔 / 코어울트라 시리즈2 / 코어 울트라7 / 애로우레이크 / 인텔 AI Boost / 13TOPS / DDR5 / 32GB / M.2 / 1TB / NVIDIA / 그래픽 메모리 : 12GB / 1Gbps 유선 / HDMI / DP포트 / 파워서플라이 / 미들타워 / 어항형 / 수랭쿨러 / LED쿨러 / 용도 : 게임용,0.0,0,1849330,https://img.danawa.com/new/noData/img/noImg_160.gif
다나와표준PC 온라인강의용 250805,5600GT / 그래픽스 7 / (AMD) A520 / OS미포함 / 650W / AMD / 라이젠 5000시리즈 / 라이젠5 / 세잔 / DDR4 / 8GB / SSD / 240GB / AMD / 1Gbps 유선 / 파워서플라이 / 미들타워 / 어항형 / LED쿨러 / 용도 : 사무/인강용,0.0,0,526770,https://img.danawa.com/new/noData/img/noImg_160.gif
다나와표준PC DPG 게임용 250921,i5-14600KF / RTX 5060 / (인텔) B760 / OS미포함 / 750W / 인텔 / 코어 14세대 / 코어i5 / 랩터레이크-R / DDR5 / 16GB / M.2 / 1TB / NVIDIA / 그래픽 메모리 : 8GB / 1Gbps 유선 / HDMI / DP포트 / 파워서플라이 / 미들타워 / 수랭쿨러 / LED쿨러 / 용도 : 게임용,0.0,0,1498060,https://img.danawa.com/new/noData/img/noImg_160.gif
다나와표준PC 전문가용 250827,285K / RTX 5070 / (인텔) Z890 / OS미포함 / 1000W / 인텔 / 코어울트라 시리즈2 / 코어 울트라9 / 애로우레이크 / 인텔 AI Boost / 13TOPS / DDR5 / 16GB / HDD:4TB / M.2 / 512GB / NVIDIA / 그래픽 메모리 : 12GB / 1Gbps 유선 / HDMI / DP포트 / 파워서플라이 / 미들타워 / 어항형 / 수랭쿨러 / LED쿨러 / 용도 : 게임용,0.0,0,3433970,https://img.danawa.com/new/noData/img/noImg_160.gif
다나와표준PC 홈/오피스용 250802,5500GT / 그래픽스 7 / (AMD) A520 / OS미포함 / 700W / AMD / 라이젠 5000시리즈 / 라이젠5 / 세잔 / DDR4 / 8GB / M.2 / 256GB / AMD / 1Gbps 유선 / 파워서플라이 / 미들타워 / 어항형 / LED쿨러 / 용도 : 사무/인강용,0.0,0,480000,https://img.danawa.com/new/noData/img/noImg_160.gif
다나와표준PC 게임용 250516,i5-14400F / RX 7600 / (인텔) B760 / OS미포함 / 800W / 인텔 / 코어 14세대 / 코어i5 / 랩터레이크-R / DDR5 / 16GB / M.2 / 512GB / AMD / 그래픽 메모리 : 8GB / 1Gbps 유선 / 파워서플라이 / 미들타워 / 어항형 / LED쿨러 / 용도 : 게임용,0.0,0,1088460,https://img.danawa.com/new/noData/img/noImg_160.gif
다나와표준PC 게임용 250412,i3-14100F / RTX 3050 / (인텔) H610 / OS미포함 / 700W / 인텔 / 코어 14세대 / 코어i3 / 랩터레이크-R / DDR5 / 16GB / M.2 / 500GB / NVIDIA / 그래픽 메모리 : 6GB / 1Gbps 유선 / 파워서플라이 / 미들타워 / 어항형 / LED쿨러 / 용도 : 게임용,0.0,0,825580,https://img.danawa.com/new/noData/img/noImg_160.gif
다나와표준PC 게임용 250811,7500F / RTX 5060 Ti / (AMD) B850 / OS미포함 / 800W / AMD / 라이젠 7000시리즈 / 라이젠5 / 라파엘 / DDR5 / 16GB / M.2 / 500GB / NVIDIA / 그래픽 메모리 : 16GB / 1Gbps 유선 / HDMI / DP포트 / 파워서플라이 / 미들타워 / LED쿨러 / 용도 : 게임용,0.0,0,1495950,https://img.danawa.com/new/noData/img/noImg_160.gif
다나와표준PC 게임용 250517,7800X3D / RTX 5060 Ti / (AMD) B850 / OS미포함 / 750W / AMD / 라이젠 7000시리즈 / 라이젠7 / 라파엘 / DDR5 / 16GB / M.2 / 1TB / NVIDIA / 그래픽 메모리 : 16GB / 1Gbps 유선 / 파워서플라이 / 미들타워 / 어항형 / LED쿨러 / 용도 : 게임용,0.0,0,2098730,https://img.danawa.com/new/noData/img/noImg_160.gif
다나와표준PC 전문가용 250228,9800X3D / RX 7800 XT / (AMD) X870 / OS미포함 / 1050W / AMD / 라이젠 9000시리즈 / 라이젠7 / 그래니트 릿지 / DDR5 / 32GB / HDD:4TB / M.2 / 1TB / AMD / 그래픽 메모리 : 16GB / 5Gbps 유선 / 802.11be(Wi-Fi 7) 무선 / 블루투스 / HDMI / DP포트 / 파워서플라이 / 미들타워 / 어항형 / 수랭쿨러 / LED쿨러 / 용도 : 게임용,0.0,0,3213080,https://img.danawa.com/new/noData/img/noImg_160.gif
한성컴퓨터 슈컴 PRO A9857,9800X3D / RTX 5070 / (AMD) B850 / OS미포함 / 800W / AMD / 라이젠 9000시리즈 / 라이젠7 / 그래니트 릿지 / DDR5 / 32GB / M.2 / 1TB / NVIDIA / 그래픽 메모리 : 12GB / 1Gbps 유선 / HDMI / DP포트 / 파워서플라이 / 미들타워 / 어항형 / LED쿨러 / 용도 : 게임용,5.0,3,2230530,https://img.danawa.com/new/noData/img/noImg_160.gif
다나와표준PC 게임용 250715,7800X3D / RTX 5060 / (AMD) B850 / OS미포함 / 850W / AMD / 라이젠 7000시리즈 / 라이젠7 / 라파엘 / DDR5 / 16GB / M.2 / 512GB / NVIDIA / 그래픽 메모리 : 8GB / 1Gbps 유선 / 파워서플라이 / 미들타워 / LED쿨러 / 용도 : 게임용,0.0,0,1580650,https://img.danawa.com/new/noData/img/noImg_160.gif
한성컴퓨터 슈컴 PRO A9656T 16G,9600X / RTX 5060 Ti / (AMD) B650 / OS미포함 / 700W / AMD / 라이젠 9000시리즈 / 라이젠5 / 그래니트 릿지 / DDR5 / 32GB / M.2 / 1TB / NVIDIA / 그래픽 메모리 : 16GB / 1Gbps 유선 / HDMI / DP포트 / 파워서플라이 / 미들타워 / 어항형 / LED쿨러 / 용도 : 게임용,0.0,0,1428380,https://img.danawa.com/new/noData/img/noImg_160.gif
다나와표준PC DPG 게임용 250223,265KF / RTX 4060 Ti / (인텔) Z890 / OS미포함 / 750W / 인텔 / 코어울트라 시리즈2 / 코어 울트라7 / 애로우레이크 / 인텔 AI Boost / 13TOPS / DDR5 / 16GB / M.2 / 2TB / NVIDIA / 그래픽 메모리 : 8GB / 10Gbps 유선 / 802.11be(Wi-Fi 7) 무선 / 블루투스 / HDMI / DP포트 / 파워서플라이 / 미들타워 / 어항형 / LED쿨러,5.0,1,2435440,https://img.danawa.com/prod_img/500000/889/466/img/75466889_1.jpg?shrink=130:130&_v=20250203144313
다나와표준PC 게임용 240911,i3-14100F / RTX 3050 / (인텔) H610 / OS미포함 / 700W / 인텔 / 코어 14세대 / 코어i3 / 랩터레이크-R / DDR5 / 16GB / M.2 / 500GB / NVIDIA / 그래픽 메모리 : 6GB / 1Gbps 유선 / HDMI / DP포트 / 파워서플라이 / 미들타워 / 용도 : 게임용,0.0,0,841260,https://img.danawa.com/prod_img/500000/416/220/img/65220416_1.jpg?shrink=130:130&_v=20240902143139
영웅컴퓨터 울트라게이밍 P006 i9-14900KF RTX5080,i9-14900KF / RTX 5080 / (인텔) B760 / OS미포함 / 900W / 인텔 / 코어 14세대 / 코어i9 / 랩터레이크-R / DDR5 / 32GB / M.2 / 1TB / NVIDIA / 그래픽 메모리 : 16GB / 1Gbps 유선 / HDMI / DP포트 / 파워서플라이 / 미들타워 / 어항형 / LED쿨러 / 용도 : 게임용,5.0,3,2966450,https://img.danawa.com/prod_img/500000/807/501/img/56501807_1.jpg?shrink=130:130&_v=20250704124400
